Idle watchdog started: IDLE_MINUTES=15 SAMPLE_SECS=60
Thresholds: GPU util<=5% GPU mem<=1024 MiB CPU util<=10%
Active: CPU=10.76% GPU=0% VRAM=0MiB (reset idle counter)
Active: CPU=12.36% GPU=0% VRAM=0MiB (reset idle counter)
Active: CPU=14.60% GPU=0% VRAM=0MiB (reset idle counter)
Active: CPU=16.22% GPU=0% VRAM=0MiB (reset idle counter)
Idle watchdog started: IDLE_MINUTES=15 SAMPLE_SECS=60
Thresholds: GPU util<=5% GPU mem<=1024 MiB CPU util<=10%
Active: CPU=13.68% GPU=0% VRAM=0MiB (reset idle counter)
Active: CPU=13.92% GPU=0% VRAM=0MiB (reset idle counter)
Active: CPU=18.60% GPU=0% VRAM=0MiB (reset idle counter)
Active: CPU=15.94% GPU=0% VRAM=0MiB (reset idle counter)
Active: CPU=13.88% GPU=0% VRAM=0MiB (reset idle counter)
Active: CPU=10.87% GPU=0% VRAM=0MiB (reset idle counter)
Active: CPU=12.18% GPU=0% VRAM=0MiB (reset idle counter)
Starting auto_stop_on_idle (lock acquired)...
Idle watchdog started: IDLE_MINUTES=15 SAMPLE_SECS=60
Thresholds: GPU util<=5% GPU mem<=1024 MiB CPU util<=10%
Active: CPU=12.39% GPU=0% VRAM=0MiB (reset idle counter)
Active: CPU=10.60% GPU=0% VRAM=0MiB (reset idle counter)
Active: CPU=14.08% GPU=0% VRAM=0MiB (reset idle counter)
Active: CPU=10.18% GPU=0% VRAM=0MiB (reset idle counter)
Active: CPU=10.26% GPU=0% VRAM=0MiB (reset idle counter)
Active: CPU=10.30% GPU=0% VRAM=0MiB (reset idle counter)
Active: CPU=10.27% GPU=0% VRAM=0MiB (reset idle counter)
Starting auto_stop_on_idle (lock acquired)...
Idle watchdog started: IDLE_MINUTES=15 SAMPLE_SECS=60
Thresholds: GPU util<=5% GPU mem<=1024 MiB CPU util<=10%
Active: CPU=14.78% GPU=0% VRAM=0MiB (reset idle counter)
Active: CPU=13.83% GPU=0% VRAM=0MiB (reset idle counter)
Active: CPU=13.74% GPU=0% VRAM=0MiB (reset idle counter)
Active: CPU=16.61% GPU=0% VRAM=0MiB (reset idle counter)
Active: CPU=10.40% GPU=0% VRAM=0MiB (reset idle counter)
Active: CPU=10.11% GPU=0% VRAM=0MiB (reset idle counter)
Active: CPU=10.05% GPU=0% VRAM=0MiB (reset idle counter)
Active: CPU=10.32% GPU=0% VRAM=0MiB (reset idle counter)
Active: CPU=10.19% GPU=0% VRAM=0MiB (reset idle counter)
Active: CPU=10.21% GPU=0% VRAM=0MiB (reset idle counter)
Active: CPU=13.68% GPU=0% VRAM=0MiB (reset idle counter)
Active: CPU=10.81% GPU=0% VRAM=0MiB (reset idle counter)
Active: CPU=10.25% GPU=0% VRAM=0MiB (reset idle counter)
Active: CPU=10.11% GPU=0% VRAM=0MiB (reset idle counter)
Active: CPU=11.03% GPU=0% VRAM=0MiB (reset idle counter)
Active: CPU=13.69% GPU=0% VRAM=0MiB (reset idle counter)
Active: CPU=13.81% GPU=0% VRAM=0MiB (reset idle counter)
Active: CPU=17.85% GPU=0% VRAM=0MiB (reset idle counter)
Starting auto_stop_on_idle (lock acquired)...
Idle watchdog started: IDLE_MINUTES=15 SAMPLE_SECS=60
Thresholds: GPU util<=5% GPU mem<=1024 MiB CPU util<=14.0%
Idle sample (1/15): CPU=13.88% GPU=0% VRAM=0MiB
Idle sample (2/15): CPU=13.68% GPU=0% VRAM=0MiB
Idle sample (3/15): CPU=13.80% GPU=0% VRAM=0MiB
Idle sample (4/15): CPU=13.54% GPU=0% VRAM=0MiB
Idle sample (5/15): CPU=10.24% GPU=0% VRAM=0MiB
Idle sample (6/15): CPU=10.34% GPU=0% VRAM=0MiB
Active: CPU=14.62% GPU=0% VRAM=0MiB (reset idle counter)
Idle sample (1/15): CPU=10.22% GPU=0% VRAM=0MiB
Idle sample (2/15): CPU=10.95% GPU=0% VRAM=0MiB
Idle sample (3/15): CPU=10.02% GPU=0% VRAM=0MiB
Idle sample (4/15): CPU=10.55% GPU=0% VRAM=0MiB
Idle sample (5/15): CPU=10.12% GPU=0% VRAM=0MiB
Idle sample (6/15): CPU=13.97% GPU=0% VRAM=0MiB
Idle sample (7/15): CPU=10.23% GPU=0% VRAM=0MiB
Idle sample (8/15): CPU=10.38% GPU=0% VRAM=0MiB
Idle sample (9/15): CPU=13.87% GPU=0% VRAM=0MiB
Idle sample (10/15): CPU=13.71% GPU=0% VRAM=0MiB
Idle sample (11/15): CPU=13.82% GPU=0% VRAM=0MiB
Idle sample (12/15): CPU=13.90% GPU=0% VRAM=0MiB
Idle sample (13/15): CPU=13.98% GPU=0% VRAM=0MiB
Active: CPU=17.57% GPU=0% VRAM=0MiB (reset idle counter)
Idle sample (1/15): CPU=13.78% GPU=0% VRAM=0MiB
Idle sample (2/15): CPU=13.39% GPU=0% VRAM=0MiB
Idle sample (3/15): CPU=9.89% GPU=0% VRAM=0MiB
Idle sample (4/15): CPU=10.21% GPU=0% VRAM=0MiB
Idle sample (5/15): CPU=10.31% GPU=0% VRAM=0MiB
Idle sample (6/15): CPU=10.86% GPU=0% VRAM=0MiB
Idle sample (7/15): CPU=12.65% GPU=0% VRAM=0MiB
Idle sample (8/15): CPU=10.13% GPU=0% VRAM=0MiB
Idle sample (9/15): CPU=10.59% GPU=0% VRAM=0MiB
Idle sample (10/15): CPU=9.86% GPU=0% VRAM=0MiB
Idle sample (11/15): CPU=10.68% GPU=0% VRAM=0MiB
Idle sample (12/15): CPU=10.53% GPU=0% VRAM=0MiB
Idle sample (13/15): CPU=9.68% GPU=0% VRAM=0MiB
Active: CPU=17.53% GPU=0% VRAM=0MiB (reset idle counter)
Idle sample (1/15): CPU=13.71% GPU=0% VRAM=0MiB
Active: CPU=14.16% GPU=0% VRAM=0MiB (reset idle counter)
Idle sample (1/15): CPU=13.73% GPU=0% VRAM=0MiB
Active: CPU=14.01% GPU=0% VRAM=0MiB (reset idle counter)
Idle sample (1/15): CPU=13.81% GPU=0% VRAM=0MiB
Idle sample (2/15): CPU=13.79% GPU=0% VRAM=0MiB
Active: CPU=17.46% GPU=0% VRAM=0MiB (reset idle counter)
Idle sample (1/15): CPU=10.35% GPU=0% VRAM=0MiB
Idle sample (2/15): CPU=10.04% GPU=0% VRAM=0MiB
Idle sample (3/15): CPU=10.14% GPU=0% VRAM=0MiB
Idle sample (4/15): CPU=10.36% GPU=0% VRAM=0MiB
Idle sample (5/15): CPU=10.39% GPU=0% VRAM=0MiB
Idle sample (6/15): CPU=10.47% GPU=0% VRAM=0MiB
Active: CPU=14.33% GPU=0% VRAM=0MiB (reset idle counter)
Idle sample (1/15): CPU=10.47% GPU=0% VRAM=0MiB
Idle sample (2/15): CPU=10.59% GPU=0% VRAM=0MiB
Idle sample (3/15): CPU=10.50% GPU=0% VRAM=0MiB
Idle sample (4/15): CPU=11.24% GPU=0% VRAM=0MiB
Idle sample (5/15): CPU=13.79% GPU=0% VRAM=0MiB
Idle sample (6/15): CPU=13.74% GPU=0% VRAM=0MiB
Active: CPU=17.56% GPU=0% VRAM=0MiB (reset idle counter)
Idle sample (1/15): CPU=13.91% GPU=0% VRAM=0MiB
Idle sample (2/15): CPU=13.81% GPU=0% VRAM=0MiB
Idle sample (3/15): CPU=13.94% GPU=0% VRAM=0MiB
Idle sample (4/15): CPU=13.81% GPU=0% VRAM=0MiB
Idle sample (5/15): CPU=12.21% GPU=0% VRAM=0MiB
Idle sample (6/15): CPU=10.03% GPU=0% VRAM=0MiB
Idle sample (7/15): CPU=13.87% GPU=0% VRAM=0MiB
Idle sample (8/15): CPU=10.85% GPU=0% VRAM=0MiB
Idle sample (9/15): CPU=10.57% GPU=0% VRAM=0MiB
Idle sample (10/15): CPU=11.26% GPU=0% VRAM=0MiB
Idle sample (11/15): CPU=10.93% GPU=0% VRAM=0MiB
Idle sample (12/15): CPU=10.63% GPU=0% VRAM=0MiB
Idle sample (13/15): CPU=10.41% GPU=0% VRAM=0MiB
Idle sample (14/15): CPU=9.81% GPU=0% VRAM=0MiB
Idle sample (15/15): CPU=13.53% GPU=0% VRAM=0MiB
Idle for 15 minute(s). Stopping pod 5xdxvt7ewwwedg...
curl: (22) The requested URL returned error: 403
Starting auto_stop_on_idle (lock acquired)...
Idle watchdog started: IDLE_MINUTES=15 SAMPLE_SECS=60
Thresholds: GPU util<=5% GPU mem<=1024 MiB CPU util<=15.0%
Active: CPU=20.46% GPU=0% VRAM=0MiB (reset idle counter)
Active: CPU=22.26% GPU=0% VRAM=0MiB (reset idle counter)
Active: CPU=24.08% GPU=0% VRAM=0MiB (reset idle counter)
Active: CPU=23.90% GPU=0% VRAM=0MiB (reset idle counter)
Starting auto_stop_on_idle (lock acquired)...
Idle watchdog started: IDLE_MINUTES=15 SAMPLE_SECS=60
Thresholds: GPU util<=5% GPU mem<=1024 MiB CPU util<=15.0%
Active: CPU=22.81% GPU=0% VRAM=0MiB (reset idle counter)
Active: CPU=22.88% GPU=0% VRAM=0MiB (reset idle counter)
Active: CPU=22.83% GPU=0% VRAM=0MiB (reset idle counter)
Active: CPU=25.14% GPU=0% VRAM=0MiB (reset idle counter)
Active: CPU=22.48% GPU=0% VRAM=0MiB (reset idle counter)
Active: CPU=28.90% GPU=0% VRAM=0MiB (reset idle counter)
Active: CPU=32.01% GPU=0% VRAM=0MiB (reset idle counter)
Active: CPU=28.55% GPU=0% VRAM=0MiB (reset idle counter)
Active: CPU=28.02% GPU=0% VRAM=0MiB (reset idle counter)
Active: CPU=27.96% GPU=0% VRAM=0MiB (reset idle counter)
Active: CPU=28.71% GPU=0% VRAM=0MiB (reset idle counter)
Active: CPU=33.41% GPU=0% VRAM=0MiB (reset idle counter)
Active: CPU=29.89% GPU=0% VRAM=0MiB (reset idle counter)
Active: CPU=26.49% GPU=0% VRAM=0MiB (reset idle counter)
Active: CPU=29.20% GPU=0% VRAM=0MiB (reset idle counter)
Active: CPU=21.30% GPU=0% VRAM=0MiB (reset idle counter)
Active: CPU=29.87% GPU=0% VRAM=0MiB (reset idle counter)
Active: CPU=21.67% GPU=0% VRAM=0MiB (reset idle counter)
Active: CPU=20.75% GPU=0% VRAM=0MiB (reset idle counter)
Active: CPU=24.38% GPU=0% VRAM=0MiB (reset idle counter)
Active: CPU=27.05% GPU=0% VRAM=0MiB (reset idle counter)
Active: CPU=25.42% GPU=0% VRAM=0MiB (reset idle counter)
Active: CPU=26.32% GPU=0% VRAM=0MiB (reset idle counter)
Active: CPU=26.36% GPU=0% VRAM=0MiB (reset idle counter)
Active: CPU=27.53% GPU=3% VRAM=63141MiB (reset idle counter)
Active: CPU=27.70% GPU=3% VRAM=63141MiB (reset idle counter)
Active: CPU=27.65% GPU=0% VRAM=63101MiB (reset idle counter)
Active: CPU=26.98% GPU=67% VRAM=76923MiB (reset idle counter)
Active: CPU=29.30% GPU=100% VRAM=78803MiB (reset idle counter)
Active: CPU=26.02% GPU=100% VRAM=79603MiB (reset idle counter)
Active: CPU=24.45% GPU=100% VRAM=79603MiB (reset idle counter)
Active: CPU=22.98% GPU=100% VRAM=79603MiB (reset idle counter)
Active: CPU=22.64% GPU=100% VRAM=79603MiB (reset idle counter)
Active: CPU=23.10% GPU=100% VRAM=79603MiB (reset idle counter)
Active: CPU=22.64% GPU=100% VRAM=79603MiB (reset idle counter)
Active: CPU=23.00% GPU=100% VRAM=79603MiB (reset idle counter)
Active: CPU=24.37% GPU=100% VRAM=79603MiB (reset idle counter)
Active: CPU=27.80% GPU=100% VRAM=79603MiB (reset idle counter)
Active: CPU=29.12% GPU=100% VRAM=79603MiB (reset idle counter)
Active: CPU=29.67% GPU=100% VRAM=79603MiB (reset idle counter)
Active: CPU=29.20% GPU=100% VRAM=79603MiB (reset idle counter)
Active: CPU=29.97% GPU=100% VRAM=79603MiB (reset idle counter)
Active: CPU=31.20% GPU=100% VRAM=79603MiB (reset idle counter)
Active: CPU=29.74% GPU=100% VRAM=79603MiB (reset idle counter)
Active: CPU=29.80% GPU=100% VRAM=79603MiB (reset idle counter)
Active: CPU=25.33% GPU=100% VRAM=79603MiB (reset idle counter)
Active: CPU=22.31% GPU=100% VRAM=79603MiB (reset idle counter)
Active: CPU=22.18% GPU=100% VRAM=79603MiB (reset idle counter)
Active: CPU=22.44% GPU=100% VRAM=79603MiB (reset idle counter)
Active: CPU=22.21% GPU=100% VRAM=79603MiB (reset idle counter)
Active: CPU=22.39% GPU=100% VRAM=79603MiB (reset idle counter)
Active: CPU=26.15% GPU=100% VRAM=79603MiB (reset idle counter)
Active: CPU=28.83% GPU=100% VRAM=79603MiB (reset idle counter)
Active: CPU=28.30% GPU=100% VRAM=79603MiB (reset idle counter)
Active: CPU=27.72% GPU=100% VRAM=79603MiB (reset idle counter)
Active: CPU=28.74% GPU=100% VRAM=79603MiB (reset idle counter)
Active: CPU=28.47% GPU=100% VRAM=79603MiB (reset idle counter)
Active: CPU=28.14% GPU=100% VRAM=79603MiB (reset idle counter)
Active: CPU=28.48% GPU=100% VRAM=79603MiB (reset idle counter)
Active: CPU=26.61% GPU=100% VRAM=79603MiB (reset idle counter)
Active: CPU=22.99% GPU=100% VRAM=79603MiB (reset idle counter)
Active: CPU=22.33% GPU=100% VRAM=79603MiB (reset idle counter)
Active: CPU=22.04% GPU=100% VRAM=79603MiB (reset idle counter)
Active: CPU=22.96% GPU=100% VRAM=79603MiB (reset idle counter)
Active: CPU=32.53% GPU=100% VRAM=79603MiB (reset idle counter)
Active: CPU=31.68% GPU=100% VRAM=79603MiB (reset idle counter)
Active: CPU=27.61% GPU=100% VRAM=79603MiB (reset idle counter)
Active: CPU=27.73% GPU=100% VRAM=79603MiB (reset idle counter)
Active: CPU=28.48% GPU=100% VRAM=79603MiB (reset idle counter)
Active: CPU=28.63% GPU=100% VRAM=79603MiB (reset idle counter)
Active: CPU=28.73% GPU=100% VRAM=79603MiB (reset idle counter)
Active: CPU=28.25% GPU=100% VRAM=79603MiB (reset idle counter)
Active: CPU=23.67% GPU=100% VRAM=79603MiB (reset idle counter)
Active: CPU=22.05% GPU=100% VRAM=79603MiB (reset idle counter)
Active: CPU=21.85% GPU=100% VRAM=79603MiB (reset idle counter)
Active: CPU=21.41% GPU=100% VRAM=79603MiB (reset idle counter)
Active: CPU=21.54% GPU=100% VRAM=79603MiB (reset idle counter)
Active: CPU=21.15% GPU=100% VRAM=79603MiB (reset idle counter)
Active: CPU=24.54% GPU=100% VRAM=79603MiB (reset idle counter)
Active: CPU=28.18% GPU=100% VRAM=79603MiB (reset idle counter)
Active: CPU=27.78% GPU=100% VRAM=79603MiB (reset idle counter)
Active: CPU=27.49% GPU=100% VRAM=79603MiB (reset idle counter)
Active: CPU=27.13% GPU=100% VRAM=79603MiB (reset idle counter)
Active: CPU=24.40% GPU=100% VRAM=79603MiB (reset idle counter)
Active: CPU=27.16% GPU=100% VRAM=79603MiB (reset idle counter)
Active: CPU=26.85% GPU=100% VRAM=79603MiB (reset idle counter)
Active: CPU=26.51% GPU=100% VRAM=79603MiB (reset idle counter)
Active: CPU=21.48% GPU=100% VRAM=79603MiB (reset idle counter)
Active: CPU=21.79% GPU=100% VRAM=79603MiB (reset idle counter)
Active: CPU=21.67% GPU=100% VRAM=79603MiB (reset idle counter)
Active: CPU=21.64% GPU=100% VRAM=79603MiB (reset idle counter)
Active: CPU=21.36% GPU=100% VRAM=79603MiB (reset idle counter)
Active: CPU=21.69% GPU=100% VRAM=79603MiB (reset idle counter)
Active: CPU=23.03% GPU=100% VRAM=79603MiB (reset idle counter)
Active: CPU=26.72% GPU=100% VRAM=79603MiB (reset idle counter)
Active: CPU=27.07% GPU=100% VRAM=79603MiB (reset idle counter)
Active: CPU=27.19% GPU=100% VRAM=79603MiB (reset idle counter)
Active: CPU=26.74% GPU=100% VRAM=79603MiB (reset idle counter)
Active: CPU=26.79% GPU=100% VRAM=79603MiB (reset idle counter)
Active: CPU=27.81% GPU=100% VRAM=79603MiB (reset idle counter)
Active: CPU=27.40% GPU=100% VRAM=79603MiB (reset idle counter)
Active: CPU=27.41% GPU=100% VRAM=79603MiB (reset idle counter)
Active: CPU=22.07% GPU=100% VRAM=79603MiB (reset idle counter)
Active: CPU=21.57% GPU=100% VRAM=79603MiB (reset idle counter)
Active: CPU=21.17% GPU=100% VRAM=79603MiB (reset idle counter)
Active: CPU=21.47% GPU=100% VRAM=79603MiB (reset idle counter)
Active: CPU=21.67% GPU=100% VRAM=79603MiB (reset idle counter)
Active: CPU=22.40% GPU=100% VRAM=79603MiB (reset idle counter)
Active: CPU=26.62% GPU=100% VRAM=79603MiB (reset idle counter)
Active: CPU=22.39% GPU=100% VRAM=79603MiB (reset idle counter)
Active: CPU=28.03% GPU=100% VRAM=79603MiB (reset idle counter)
Active: CPU=28.39% GPU=100% VRAM=79603MiB (reset idle counter)
Active: CPU=28.30% GPU=100% VRAM=79603MiB (reset idle counter)
Active: CPU=28.17% GPU=100% VRAM=79603MiB (reset idle counter)
Active: CPU=27.96% GPU=100% VRAM=79603MiB (reset idle counter)
Active: CPU=28.02% GPU=100% VRAM=79603MiB (reset idle counter)
Active: CPU=27.74% GPU=100% VRAM=79603MiB (reset idle counter)
Active: CPU=27.70% GPU=100% VRAM=79603MiB (reset idle counter)
Active: CPU=22.77% GPU=100% VRAM=79603MiB (reset idle counter)
Active: CPU=21.83% GPU=100% VRAM=79603MiB (reset idle counter)
Active: CPU=21.39% GPU=100% VRAM=79603MiB (reset idle counter)
Active: CPU=21.66% GPU=100% VRAM=79603MiB (reset idle counter)
Active: CPU=21.18% GPU=100% VRAM=79603MiB (reset idle counter)
Active: CPU=21.75% GPU=100% VRAM=79603MiB (reset idle counter)
Active: CPU=21.67% GPU=100% VRAM=79603MiB (reset idle counter)
Active: CPU=27.26% GPU=100% VRAM=79603MiB (reset idle counter)
Active: CPU=26.79% GPU=100% VRAM=79603MiB (reset idle counter)
Active: CPU=26.81% GPU=100% VRAM=79603MiB (reset idle counter)
Active: CPU=27.38% GPU=100% VRAM=79603MiB (reset idle counter)
Active: CPU=29.71% GPU=100% VRAM=79603MiB (reset idle counter)
Active: CPU=29.82% GPU=100% VRAM=79603MiB (reset idle counter)
Active: CPU=29.17% GPU=100% VRAM=79603MiB (reset idle counter)
Active: CPU=28.47% GPU=100% VRAM=79603MiB (reset idle counter)
Active: CPU=25.23% GPU=100% VRAM=79603MiB (reset idle counter)
Active: CPU=24.46% GPU=100% VRAM=79603MiB (reset idle counter)
Active: CPU=23.98% GPU=100% VRAM=79603MiB (reset idle counter)
Active: CPU=21.86% GPU=100% VRAM=79603MiB (reset idle counter)
Active: CPU=21.52% GPU=100% VRAM=79603MiB (reset idle counter)
Active: CPU=25.08% GPU=100% VRAM=79603MiB (reset idle counter)
Active: CPU=27.59% GPU=100% VRAM=79603MiB (reset idle counter)
Active: CPU=28.01% GPU=100% VRAM=79603MiB (reset idle counter)
Active: CPU=27.02% GPU=100% VRAM=79603MiB (reset idle counter)
Active: CPU=27.13% GPU=100% VRAM=79603MiB (reset idle counter)
Active: CPU=27.49% GPU=100% VRAM=79603MiB (reset idle counter)
Active: CPU=27.23% GPU=100% VRAM=79603MiB (reset idle counter)
Active: CPU=26.99% GPU=100% VRAM=79603MiB (reset idle counter)
Active: CPU=24.89% GPU=100% VRAM=79603MiB (reset idle counter)
Active: CPU=20.84% GPU=100% VRAM=79603MiB (reset idle counter)
Active: CPU=20.96% GPU=100% VRAM=79603MiB (reset idle counter)
Active: CPU=21.56% GPU=100% VRAM=79603MiB (reset idle counter)
Active: CPU=21.32% GPU=100% VRAM=79603MiB (reset idle counter)
Active: CPU=21.41% GPU=100% VRAM=79603MiB (reset idle counter)
Active: CPU=21.51% GPU=100% VRAM=79603MiB (reset idle counter)
Active: CPU=21.73% GPU=100% VRAM=79603MiB (reset idle counter)
Active: CPU=27.59% GPU=100% VRAM=79603MiB (reset idle counter)
Active: CPU=27.02% GPU=100% VRAM=79603MiB (reset idle counter)
Active: CPU=27.44% GPU=100% VRAM=79603MiB (reset idle counter)
Active: CPU=27.06% GPU=100% VRAM=79603MiB (reset idle counter)
Active: CPU=27.53% GPU=100% VRAM=79603MiB (reset idle counter)
Active: CPU=27.71% GPU=100% VRAM=79603MiB (reset idle counter)
Active: CPU=27.66% GPU=100% VRAM=79603MiB (reset idle counter)
Active: CPU=27.70% GPU=100% VRAM=79603MiB (reset idle counter)
Active: CPU=22.24% GPU=100% VRAM=79603MiB (reset idle counter)
Active: CPU=23.29% GPU=100% VRAM=79603MiB (reset idle counter)
Active: CPU=27.73% GPU=100% VRAM=79603MiB (reset idle counter)
Active: CPU=29.36% GPU=100% VRAM=79603MiB (reset idle counter)
Active: CPU=28.88% GPU=100% VRAM=79603MiB (reset idle counter)
Active: CPU=35.51% GPU=100% VRAM=79603MiB (reset idle counter)
Active: CPU=34.54% GPU=100% VRAM=79603MiB (reset idle counter)
Active: CPU=28.81% GPU=100% VRAM=79603MiB (reset idle counter)
Active: CPU=28.40% GPU=100% VRAM=79603MiB (reset idle counter)
Active: CPU=28.37% GPU=100% VRAM=79603MiB (reset idle counter)
Active: CPU=30.90% GPU=100% VRAM=79603MiB (reset idle counter)
Active: CPU=26.84% GPU=100% VRAM=79603MiB (reset idle counter)
Active: CPU=22.38% GPU=100% VRAM=79603MiB (reset idle counter)
Active: CPU=22.10% GPU=100% VRAM=79603MiB (reset idle counter)
Active: CPU=22.11% GPU=100% VRAM=79603MiB (reset idle counter)
Active: CPU=21.77% GPU=100% VRAM=79603MiB (reset idle counter)
Active: CPU=23.99% GPU=100% VRAM=79603MiB (reset idle counter)
Active: CPU=27.23% GPU=100% VRAM=79603MiB (reset idle counter)
Active: CPU=27.41% GPU=100% VRAM=79603MiB (reset idle counter)
Active: CPU=34.26% GPU=100% VRAM=79603MiB (reset idle counter)
Active: CPU=36.93% GPU=100% VRAM=79603MiB (reset idle counter)
Active: CPU=28.77% GPU=100% VRAM=79603MiB (reset idle counter)
Active: CPU=28.25% GPU=100% VRAM=79603MiB (reset idle counter)
Active: CPU=28.26% GPU=100% VRAM=79603MiB (reset idle counter)
Active: CPU=26.25% GPU=100% VRAM=79603MiB (reset idle counter)
Active: CPU=21.61% GPU=100% VRAM=79603MiB (reset idle counter)
Active: CPU=21.64% GPU=100% VRAM=79603MiB (reset idle counter)
Active: CPU=22.77% GPU=100% VRAM=79603MiB (reset idle counter)
Active: CPU=27.61% GPU=100% VRAM=79603MiB (reset idle counter)
Active: CPU=27.52% GPU=100% VRAM=79603MiB (reset idle counter)
Active: CPU=27.34% GPU=100% VRAM=79603MiB (reset idle counter)
Active: CPU=27.78% GPU=100% VRAM=79603MiB (reset idle counter)
Active: CPU=28.18% GPU=100% VRAM=79603MiB (reset idle counter)
Active: CPU=27.29% GPU=100% VRAM=79603MiB (reset idle counter)
Active: CPU=27.68% GPU=100% VRAM=79603MiB (reset idle counter)
Active: CPU=26.20% GPU=100% VRAM=79603MiB (reset idle counter)
Active: CPU=21.34% GPU=100% VRAM=79603MiB (reset idle counter)
Active: CPU=21.30% GPU=100% VRAM=79603MiB (reset idle counter)
Active: CPU=21.77% GPU=100% VRAM=79603MiB (reset idle counter)
Active: CPU=21.66% GPU=100% VRAM=79603MiB (reset idle counter)
Active: CPU=21.75% GPU=100% VRAM=79603MiB (reset idle counter)
Active: CPU=22.03% GPU=100% VRAM=79603MiB (reset idle counter)
Active: CPU=22.31% GPU=100% VRAM=79603MiB (reset idle counter)
Active: CPU=21.38% GPU=100% VRAM=79603MiB (reset idle counter)
Active: CPU=21.35% GPU=100% VRAM=79603MiB (reset idle counter)
Active: CPU=20.40% GPU=100% VRAM=79603MiB (reset idle counter)
Active: CPU=20.18% GPU=100% VRAM=79603MiB (reset idle counter)
Active: CPU=20.50% GPU=100% VRAM=79603MiB (reset idle counter)
Active: CPU=20.64% GPU=100% VRAM=79603MiB (reset idle counter)
Active: CPU=20.37% GPU=100% VRAM=79603MiB (reset idle counter)
Active: CPU=20.48% GPU=100% VRAM=79603MiB (reset idle counter)
Active: CPU=21.09% GPU=100% VRAM=79603MiB (reset idle counter)
Active: CPU=20.75% GPU=100% VRAM=79603MiB (reset idle counter)
Active: CPU=20.92% GPU=100% VRAM=79603MiB (reset idle counter)
Active: CPU=20.02% GPU=100% VRAM=79603MiB (reset idle counter)
Active: CPU=20.23% GPU=100% VRAM=79603MiB (reset idle counter)
Active: CPU=20.37% GPU=100% VRAM=79603MiB (reset idle counter)
Active: CPU=20.54% GPU=100% VRAM=79603MiB (reset idle counter)
Active: CPU=21.15% GPU=100% VRAM=79603MiB (reset idle counter)
Active: CPU=17.22% GPU=100% VRAM=79603MiB (reset idle counter)
Active: CPU=18.79% GPU=100% VRAM=79603MiB (reset idle counter)
Active: CPU=19.29% GPU=100% VRAM=79603MiB (reset idle counter)
Active: CPU=21.24% GPU=100% VRAM=79603MiB (reset idle counter)
Active: CPU=19.59% GPU=100% VRAM=79603MiB (reset idle counter)
Active: CPU=16.05% GPU=100% VRAM=79603MiB (reset idle counter)
Active: CPU=19.13% GPU=100% VRAM=79603MiB (reset idle counter)
Active: CPU=20.86% GPU=100% VRAM=79603MiB (reset idle counter)
Active: CPU=18.42% GPU=100% VRAM=79603MiB (reset idle counter)
Active: CPU=16.90% GPU=100% VRAM=79603MiB (reset idle counter)
Active: CPU=16.28% GPU=100% VRAM=79603MiB (reset idle counter)
Active: CPU=16.46% GPU=100% VRAM=79603MiB (reset idle counter)
Active: CPU=16.42% GPU=100% VRAM=79603MiB (reset idle counter)
Active: CPU=16.46% GPU=100% VRAM=79603MiB (reset idle counter)
Active: CPU=16.42% GPU=100% VRAM=79603MiB (reset idle counter)
Active: CPU=15.69% GPU=100% VRAM=79603MiB (reset idle counter)
Active: CPU=15.26% GPU=100% VRAM=79603MiB (reset idle counter)
Active: CPU=15.10% GPU=100% VRAM=79603MiB (reset idle counter)
Active: CPU=15.32% GPU=100% VRAM=79603MiB (reset idle counter)
Active: CPU=15.82% GPU=100% VRAM=79603MiB (reset idle counter)
Active: CPU=15.11% GPU=100% VRAM=79603MiB (reset idle counter)
Active: CPU=15.02% GPU=100% VRAM=79603MiB (reset idle counter)
Active: CPU=15.04% GPU=100% VRAM=79603MiB (reset idle counter)
Active: CPU=15.00% GPU=100% VRAM=79603MiB (reset idle counter)
Active: CPU=14.99% GPU=100% VRAM=79603MiB (reset idle counter)
Active: CPU=14.59% GPU=100% VRAM=79603MiB (reset idle counter)
Active: CPU=14.50% GPU=100% VRAM=79603MiB (reset idle counter)
Active: CPU=15.12% GPU=100% VRAM=79603MiB (reset idle counter)
Active: CPU=15.63% GPU=100% VRAM=79603MiB (reset idle counter)
Active: CPU=15.84% GPU=100% VRAM=79603MiB (reset idle counter)
Active: CPU=17.36% GPU=100% VRAM=79603MiB (reset idle counter)
Active: CPU=17.02% GPU=100% VRAM=79603MiB (reset idle counter)
Active: CPU=14.81% GPU=100% VRAM=79603MiB (reset idle counter)
Active: CPU=14.93% GPU=100% VRAM=79603MiB (reset idle counter)
Active: CPU=14.56% GPU=100% VRAM=79603MiB (reset idle counter)
Active: CPU=14.09% GPU=100% VRAM=79603MiB (reset idle counter)
Active: CPU=14.85% GPU=100% VRAM=79603MiB (reset idle counter)
Active: CPU=15.92% GPU=100% VRAM=79603MiB (reset idle counter)
Active: CPU=15.59% GPU=100% VRAM=79603MiB (reset idle counter)
Active: CPU=15.03% GPU=100% VRAM=79603MiB (reset idle counter)
Active: CPU=14.25% GPU=100% VRAM=79603MiB (reset idle counter)
Active: CPU=14.03% GPU=100% VRAM=79603MiB (reset idle counter)
Active: CPU=14.01% GPU=100% VRAM=79603MiB (reset idle counter)
Active: CPU=13.97% GPU=100% VRAM=79603MiB (reset idle counter)
Active: CPU=13.96% GPU=100% VRAM=79603MiB (reset idle counter)
Active: CPU=13.90% GPU=100% VRAM=79603MiB (reset idle counter)
Active: CPU=14.03% GPU=100% VRAM=79603MiB (reset idle counter)
Active: CPU=13.94% GPU=100% VRAM=79603MiB (reset idle counter)
Active: CPU=14.15% GPU=100% VRAM=79603MiB (reset idle counter)
Active: CPU=14.27% GPU=100% VRAM=79603MiB (reset idle counter)
Active: CPU=13.95% GPU=100% VRAM=79603MiB (reset idle counter)
Active: CPU=13.99% GPU=100% VRAM=79603MiB (reset idle counter)
Active: CPU=14.02% GPU=100% VRAM=79603MiB (reset idle counter)
Active: CPU=13.99% GPU=100% VRAM=79603MiB (reset idle counter)
Active: CPU=14.04% GPU=100% VRAM=79603MiB (reset idle counter)
Active: CPU=13.96% GPU=100% VRAM=79603MiB (reset idle counter)
Active: CPU=13.92% GPU=100% VRAM=79603MiB (reset idle counter)
Active: CPU=16.19% GPU=100% VRAM=79603MiB (reset idle counter)
Active: CPU=16.77% GPU=100% VRAM=79603MiB (reset idle counter)
Active: CPU=16.17% GPU=100% VRAM=79603MiB (reset idle counter)
Active: CPU=14.20% GPU=100% VRAM=79603MiB (reset idle counter)
Active: CPU=14.24% GPU=100% VRAM=79603MiB (reset idle counter)
Active: CPU=14.79% GPU=100% VRAM=79603MiB (reset idle counter)
Active: CPU=14.60% GPU=100% VRAM=79603MiB (reset idle counter)
Active: CPU=14.16% GPU=100% VRAM=79603MiB (reset idle counter)
Active: CPU=14.10% GPU=100% VRAM=79603MiB (reset idle counter)
Active: CPU=14.16% GPU=100% VRAM=79603MiB (reset idle counter)
Active: CPU=14.10% GPU=100% VRAM=79603MiB (reset idle counter)
Active: CPU=14.47% GPU=100% VRAM=79603MiB (reset idle counter)
Active: CPU=15.08% GPU=100% VRAM=79603MiB (reset idle counter)
Active: CPU=15.39% GPU=100% VRAM=79603MiB (reset idle counter)
Active: CPU=14.98% GPU=100% VRAM=79603MiB (reset idle counter)
Active: CPU=15.33% GPU=100% VRAM=79603MiB (reset idle counter)
Active: CPU=18.30% GPU=100% VRAM=79603MiB (reset idle counter)
Active: CPU=19.12% GPU=100% VRAM=79603MiB (reset idle counter)
Active: CPU=19.28% GPU=100% VRAM=79603MiB (reset idle counter)
Active: CPU=19.05% GPU=100% VRAM=79603MiB (reset idle counter)
Active: CPU=18.81% GPU=100% VRAM=79603MiB (reset idle counter)
Active: CPU=19.25% GPU=100% VRAM=79603MiB (reset idle counter)
Active: CPU=19.03% GPU=100% VRAM=79603MiB (reset idle counter)
Active: CPU=16.68% GPU=100% VRAM=79603MiB (reset idle counter)
Active: CPU=18.78% GPU=100% VRAM=79603MiB (reset idle counter)
Active: CPU=19.79% GPU=100% VRAM=79603MiB (reset idle counter)
Active: CPU=20.06% GPU=100% VRAM=79603MiB (reset idle counter)
Active: CPU=19.12% GPU=100% VRAM=79603MiB (reset idle counter)
Active: CPU=20.00% GPU=100% VRAM=79603MiB (reset idle counter)
Active: CPU=20.20% GPU=100% VRAM=79603MiB (reset idle counter)
Active: CPU=19.83% GPU=100% VRAM=79603MiB (reset idle counter)
Active: CPU=19.15% GPU=100% VRAM=79603MiB (reset idle counter)
Active: CPU=17.06% GPU=100% VRAM=79603MiB (reset idle counter)
Active: CPU=17.47% GPU=100% VRAM=79603MiB (reset idle counter)
Active: CPU=18.84% GPU=100% VRAM=79603MiB (reset idle counter)
Active: CPU=18.85% GPU=100% VRAM=79603MiB (reset idle counter)
Active: CPU=20.11% GPU=100% VRAM=79603MiB (reset idle counter)
Active: CPU=19.66% GPU=100% VRAM=79603MiB (reset idle counter)
Active: CPU=18.09% GPU=100% VRAM=79603MiB (reset idle counter)
Active: CPU=15.98% GPU=100% VRAM=79603MiB (reset idle counter)
Active: CPU=17.22% GPU=100% VRAM=79603MiB (reset idle counter)
Active: CPU=18.13% GPU=100% VRAM=79603MiB (reset idle counter)
Active: CPU=16.88% GPU=100% VRAM=79603MiB (reset idle counter)
Active: CPU=16.70% GPU=100% VRAM=79603MiB (reset idle counter)
Active: CPU=17.35% GPU=100% VRAM=79603MiB (reset idle counter)
Active: CPU=17.47% GPU=100% VRAM=79603MiB (reset idle counter)
Active: CPU=16.50% GPU=100% VRAM=79603MiB (reset idle counter)
Active: CPU=15.54% GPU=100% VRAM=79603MiB (reset idle counter)
Active: CPU=15.56% GPU=100% VRAM=79603MiB (reset idle counter)
Active: CPU=13.88% GPU=100% VRAM=79603MiB (reset idle counter)
Active: CPU=17.07% GPU=100% VRAM=79603MiB (reset idle counter)
Active: CPU=17.63% GPU=100% VRAM=79603MiB (reset idle counter)
Active: CPU=17.28% GPU=100% VRAM=79603MiB (reset idle counter)
Active: CPU=16.52% GPU=100% VRAM=79603MiB (reset idle counter)
Active: CPU=16.30% GPU=100% VRAM=79603MiB (reset idle counter)
Active: CPU=16.22% GPU=100% VRAM=79603MiB (reset idle counter)
Active: CPU=16.50% GPU=100% VRAM=79603MiB (reset idle counter)
Active: CPU=16.04% GPU=100% VRAM=79603MiB (reset idle counter)
Active: CPU=16.55% GPU=100% VRAM=79603MiB (reset idle counter)
Active: CPU=17.11% GPU=100% VRAM=79603MiB (reset idle counter)
Active: CPU=16.43% GPU=100% VRAM=79603MiB (reset idle counter)
Active: CPU=15.48% GPU=100% VRAM=79603MiB (reset idle counter)
Active: CPU=16.59% GPU=100% VRAM=79603MiB (reset idle counter)
Active: CPU=15.60% GPU=100% VRAM=79603MiB (reset idle counter)
Active: CPU=15.47% GPU=100% VRAM=79603MiB (reset idle counter)
Active: CPU=15.26% GPU=100% VRAM=79603MiB (reset idle counter)
Active: CPU=16.26% GPU=100% VRAM=79603MiB (reset idle counter)
Active: CPU=16.06% GPU=100% VRAM=79603MiB (reset idle counter)
Active: CPU=16.19% GPU=100% VRAM=79603MiB (reset idle counter)
Active: CPU=17.37% GPU=100% VRAM=79603MiB (reset idle counter)
Active: CPU=26.58% GPU=100% VRAM=79603MiB (reset idle counter)
Active: CPU=23.10% GPU=100% VRAM=79603MiB (reset idle counter)
Active: CPU=17.04% GPU=100% VRAM=79603MiB (reset idle counter)
Active: CPU=20.97% GPU=100% VRAM=79603MiB (reset idle counter)
Active: CPU=26.10% GPU=100% VRAM=79603MiB (reset idle counter)
Active: CPU=19.44% GPU=100% VRAM=79603MiB (reset idle counter)
Active: CPU=19.88% GPU=100% VRAM=79603MiB (reset idle counter)
Active: CPU=25.94% GPU=100% VRAM=79603MiB (reset idle counter)
Active: CPU=26.46% GPU=100% VRAM=79603MiB (reset idle counter)
Active: CPU=17.56% GPU=100% VRAM=79603MiB (reset idle counter)
Active: CPU=24.34% GPU=100% VRAM=79603MiB (reset idle counter)
Active: CPU=26.97% GPU=100% VRAM=79603MiB (reset idle counter)
Active: CPU=27.28% GPU=100% VRAM=79603MiB (reset idle counter)
Active: CPU=23.25% GPU=100% VRAM=79603MiB (reset idle counter)
Active: CPU=27.84% GPU=100% VRAM=79603MiB (reset idle counter)
Active: CPU=28.18% GPU=100% VRAM=79603MiB (reset idle counter)
Active: CPU=22.95% GPU=100% VRAM=79603MiB (reset idle counter)
Active: CPU=28.01% GPU=100% VRAM=79603MiB (reset idle counter)
Active: CPU=29.00% GPU=100% VRAM=79603MiB (reset idle counter)
Active: CPU=21.50% GPU=100% VRAM=79603MiB (reset idle counter)
Active: CPU=16.20% GPU=100% VRAM=79603MiB (reset idle counter)
Active: CPU=15.83% GPU=100% VRAM=79603MiB (reset idle counter)
Active: CPU=16.64% GPU=100% VRAM=79603MiB (reset idle counter)
Active: CPU=16.38% GPU=100% VRAM=79603MiB (reset idle counter)
Active: CPU=15.41% GPU=100% VRAM=79603MiB (reset idle counter)
Active: CPU=16.70% GPU=100% VRAM=79603MiB (reset idle counter)
Active: CPU=24.95% GPU=100% VRAM=79603MiB (reset idle counter)
Active: CPU=25.65% GPU=100% VRAM=79603MiB (reset idle counter)
Active: CPU=17.12% GPU=100% VRAM=79603MiB (reset idle counter)
Active: CPU=26.59% GPU=100% VRAM=79603MiB (reset idle counter)
Active: CPU=21.69% GPU=100% VRAM=79603MiB (reset idle counter)
Active: CPU=16.90% GPU=100% VRAM=79603MiB (reset idle counter)
Active: CPU=17.75% GPU=100% VRAM=79603MiB (reset idle counter)
Active: CPU=17.58% GPU=100% VRAM=79603MiB (reset idle counter)
Active: CPU=22.57% GPU=100% VRAM=79603MiB (reset idle counter)
Active: CPU=27.02% GPU=100% VRAM=79603MiB (reset idle counter)
Active: CPU=20.08% GPU=100% VRAM=79603MiB (reset idle counter)
Active: CPU=17.20% GPU=100% VRAM=79603MiB (reset idle counter)
Active: CPU=16.29% GPU=100% VRAM=79603MiB (reset idle counter)
Active: CPU=19.27% GPU=100% VRAM=79603MiB (reset idle counter)
Active: CPU=28.51% GPU=100% VRAM=79603MiB (reset idle counter)
Active: CPU=22.98% GPU=100% VRAM=79603MiB (reset idle counter)
Active: CPU=18.96% GPU=100% VRAM=79603MiB (reset idle counter)
Active: CPU=19.16% GPU=100% VRAM=79603MiB (reset idle counter)
Active: CPU=23.12% GPU=100% VRAM=79603MiB (reset idle counter)
Active: CPU=22.37% GPU=100% VRAM=79603MiB (reset idle counter)
Active: CPU=27.51% GPU=100% VRAM=79603MiB (reset idle counter)
Active: CPU=27.01% GPU=100% VRAM=79603MiB (reset idle counter)
Active: CPU=25.09% GPU=100% VRAM=79603MiB (reset idle counter)
Active: CPU=25.83% GPU=100% VRAM=79603MiB (reset idle counter)
Active: CPU=23.21% GPU=100% VRAM=79603MiB (reset idle counter)
Active: CPU=28.17% GPU=100% VRAM=79603MiB (reset idle counter)
Active: CPU=26.86% GPU=100% VRAM=79603MiB (reset idle counter)
Active: CPU=24.26% GPU=100% VRAM=79603MiB (reset idle counter)
Active: CPU=25.25% GPU=100% VRAM=79603MiB (reset idle counter)
Active: CPU=25.57% GPU=100% VRAM=79603MiB (reset idle counter)
Active: CPU=26.92% GPU=100% VRAM=79603MiB (reset idle counter)
Active: CPU=24.12% GPU=100% VRAM=79603MiB (reset idle counter)
Active: CPU=27.12% GPU=100% VRAM=79603MiB (reset idle counter)
Active: CPU=26.82% GPU=100% VRAM=79603MiB (reset idle counter)
Active: CPU=25.04% GPU=100% VRAM=79603MiB (reset idle counter)
Active: CPU=24.51% GPU=100% VRAM=79603MiB (reset idle counter)
Active: CPU=24.83% GPU=100% VRAM=79603MiB (reset idle counter)
Active: CPU=21.69% GPU=100% VRAM=79603MiB (reset idle counter)
Active: CPU=24.21% GPU=100% VRAM=79603MiB (reset idle counter)
Active: CPU=27.92% GPU=100% VRAM=79603MiB (reset idle counter)
Active: CPU=26.56% GPU=100% VRAM=79603MiB (reset idle counter)
Active: CPU=27.08% GPU=100% VRAM=79603MiB (reset idle counter)
Active: CPU=24.38% GPU=100% VRAM=79603MiB (reset idle counter)
Active: CPU=25.58% GPU=100% VRAM=79603MiB (reset idle counter)
Active: CPU=25.79% GPU=100% VRAM=79603MiB (reset idle counter)
Active: CPU=22.62% GPU=100% VRAM=79603MiB (reset idle counter)
Active: CPU=22.64% GPU=100% VRAM=79603MiB (reset idle counter)
Active: CPU=27.07% GPU=100% VRAM=79603MiB (reset idle counter)
Active: CPU=26.92% GPU=100% VRAM=79603MiB (reset idle counter)
Active: CPU=18.51% GPU=100% VRAM=79603MiB (reset idle counter)
Active: CPU=16.94% GPU=100% VRAM=79603MiB (reset idle counter)
Active: CPU=18.64% GPU=100% VRAM=79603MiB (reset idle counter)
Active: CPU=15.54% GPU=100% VRAM=79603MiB (reset idle counter)
Active: CPU=15.76% GPU=100% VRAM=79603MiB (reset idle counter)
Active: CPU=15.16% GPU=100% VRAM=79603MiB (reset idle counter)
Active: CPU=15.90% GPU=100% VRAM=79603MiB (reset idle counter)
Active: CPU=15.72% GPU=100% VRAM=79603MiB (reset idle counter)
Active: CPU=15.68% GPU=100% VRAM=79603MiB (reset idle counter)
Active: CPU=15.35% GPU=100% VRAM=79603MiB (reset idle counter)
Active: CPU=15.75% GPU=100% VRAM=79603MiB (reset idle counter)
Active: CPU=15.97% GPU=100% VRAM=79603MiB (reset idle counter)
Active: CPU=16.35% GPU=100% VRAM=79603MiB (reset idle counter)
Active: CPU=16.86% GPU=100% VRAM=79603MiB (reset idle counter)
Active: CPU=17.02% GPU=100% VRAM=79603MiB (reset idle counter)
Active: CPU=17.04% GPU=100% VRAM=79603MiB (reset idle counter)
Active: CPU=17.43% GPU=100% VRAM=79603MiB (reset idle counter)
Active: CPU=17.42% GPU=100% VRAM=79603MiB (reset idle counter)
Active: CPU=17.12% GPU=100% VRAM=79603MiB (reset idle counter)
Active: CPU=16.87% GPU=100% VRAM=79603MiB (reset idle counter)
Active: CPU=16.61% GPU=100% VRAM=79603MiB (reset idle counter)
Active: CPU=16.41% GPU=100% VRAM=79603MiB (reset idle counter)
Active: CPU=16.66% GPU=100% VRAM=79603MiB (reset idle counter)
Active: CPU=16.36% GPU=100% VRAM=79603MiB (reset idle counter)
Active: CPU=16.36% GPU=100% VRAM=79603MiB (reset idle counter)
Active: CPU=16.31% GPU=100% VRAM=79603MiB (reset idle counter)
Active: CPU=16.39% GPU=100% VRAM=79603MiB (reset idle counter)
Active: CPU=17.03% GPU=100% VRAM=79603MiB (reset idle counter)
Active: CPU=16.23% GPU=100% VRAM=79603MiB (reset idle counter)
Active: CPU=15.53% GPU=100% VRAM=79603MiB (reset idle counter)
Active: CPU=15.62% GPU=100% VRAM=79603MiB (reset idle counter)
Active: CPU=15.47% GPU=100% VRAM=79603MiB (reset idle counter)
Active: CPU=15.94% GPU=100% VRAM=79603MiB (reset idle counter)
Active: CPU=15.88% GPU=100% VRAM=79603MiB (reset idle counter)
Active: CPU=15.55% GPU=100% VRAM=79603MiB (reset idle counter)
Active: CPU=15.61% GPU=100% VRAM=79603MiB (reset idle counter)
Active: CPU=15.83% GPU=100% VRAM=79603MiB (reset idle counter)
Active: CPU=16.37% GPU=100% VRAM=79603MiB (reset idle counter)
Active: CPU=15.88% GPU=100% VRAM=79603MiB (reset idle counter)
Active: CPU=15.50% GPU=100% VRAM=79603MiB (reset idle counter)
Active: CPU=15.53% GPU=100% VRAM=79603MiB (reset idle counter)
Active: CPU=15.69% GPU=100% VRAM=79603MiB (reset idle counter)
Active: CPU=15.46% GPU=100% VRAM=79603MiB (reset idle counter)
Active: CPU=15.55% GPU=100% VRAM=79603MiB (reset idle counter)
Active: CPU=15.49% GPU=100% VRAM=79603MiB (reset idle counter)
Active: CPU=15.86% GPU=100% VRAM=79603MiB (reset idle counter)
Active: CPU=16.19% GPU=100% VRAM=79603MiB (reset idle counter)
Active: CPU=16.80% GPU=100% VRAM=79603MiB (reset idle counter)
Active: CPU=16.17% GPU=100% VRAM=79603MiB (reset idle counter)
Active: CPU=15.59% GPU=100% VRAM=79603MiB (reset idle counter)
Active: CPU=15.90% GPU=100% VRAM=79603MiB (reset idle counter)
Active: CPU=15.56% GPU=100% VRAM=79603MiB (reset idle counter)
Active: CPU=15.52% GPU=100% VRAM=79603MiB (reset idle counter)
Active: CPU=15.61% GPU=100% VRAM=79603MiB (reset idle counter)
Active: CPU=15.87% GPU=100% VRAM=79603MiB (reset idle counter)
Active: CPU=15.58% GPU=100% VRAM=79603MiB (reset idle counter)
Active: CPU=15.65% GPU=100% VRAM=79603MiB (reset idle counter)
Active: CPU=19.74% GPU=100% VRAM=79603MiB (reset idle counter)
Active: CPU=25.04% GPU=100% VRAM=79603MiB (reset idle counter)
Active: CPU=24.24% GPU=100% VRAM=79603MiB (reset idle counter)
Active: CPU=25.41% GPU=100% VRAM=79603MiB (reset idle counter)
Active: CPU=24.63% GPU=100% VRAM=79603MiB (reset idle counter)
Active: CPU=26.29% GPU=100% VRAM=79603MiB (reset idle counter)
Active: CPU=26.54% GPU=100% VRAM=79603MiB (reset idle counter)
Active: CPU=26.00% GPU=100% VRAM=79603MiB (reset idle counter)
Active: CPU=25.50% GPU=100% VRAM=79603MiB (reset idle counter)
Active: CPU=25.82% GPU=100% VRAM=79603MiB (reset idle counter)
Active: CPU=26.35% GPU=100% VRAM=79603MiB (reset idle counter)
Active: CPU=25.79% GPU=100% VRAM=79603MiB (reset idle counter)
Active: CPU=26.39% GPU=100% VRAM=79603MiB (reset idle counter)
Active: CPU=25.71% GPU=100% VRAM=79603MiB (reset idle counter)
Active: CPU=25.63% GPU=100% VRAM=79603MiB (reset idle counter)
Active: CPU=25.75% GPU=100% VRAM=79603MiB (reset idle counter)
Active: CPU=25.67% GPU=100% VRAM=79603MiB (reset idle counter)
Active: CPU=25.70% GPU=100% VRAM=79603MiB (reset idle counter)
Active: CPU=26.04% GPU=100% VRAM=79603MiB (reset idle counter)
Active: CPU=25.77% GPU=100% VRAM=79603MiB (reset idle counter)
Active: CPU=25.91% GPU=100% VRAM=79603MiB (reset idle counter)
Active: CPU=26.27% GPU=100% VRAM=79603MiB (reset idle counter)
Active: CPU=25.69% GPU=100% VRAM=79603MiB (reset idle counter)
Active: CPU=25.23% GPU=100% VRAM=79603MiB (reset idle counter)
Active: CPU=24.76% GPU=100% VRAM=79603MiB (reset idle counter)
Active: CPU=23.69% GPU=100% VRAM=79603MiB (reset idle counter)
Active: CPU=23.94% GPU=100% VRAM=79603MiB (reset idle counter)
Active: CPU=24.00% GPU=100% VRAM=79603MiB (reset idle counter)
Active: CPU=23.66% GPU=100% VRAM=79603MiB (reset idle counter)
Active: CPU=24.07% GPU=100% VRAM=79603MiB (reset idle counter)
Active: CPU=25.32% GPU=100% VRAM=79603MiB (reset idle counter)
Active: CPU=26.77% GPU=100% VRAM=79603MiB (reset idle counter)
Active: CPU=27.41% GPU=100% VRAM=79603MiB (reset idle counter)
Active: CPU=26.75% GPU=100% VRAM=79603MiB (reset idle counter)
Active: CPU=24.32% GPU=100% VRAM=79603MiB (reset idle counter)
Active: CPU=28.33% GPU=100% VRAM=79603MiB (reset idle counter)
Active: CPU=27.50% GPU=100% VRAM=79603MiB (reset idle counter)
Active: CPU=28.29% GPU=100% VRAM=79603MiB (reset idle counter)
Active: CPU=29.07% GPU=100% VRAM=79603MiB (reset idle counter)
Active: CPU=28.85% GPU=100% VRAM=79603MiB (reset idle counter)
Active: CPU=28.71% GPU=100% VRAM=79603MiB (reset idle counter)
Active: CPU=27.54% GPU=100% VRAM=79603MiB (reset idle counter)
Active: CPU=27.49% GPU=100% VRAM=79603MiB (reset idle counter)
Active: CPU=27.83% GPU=100% VRAM=79603MiB (reset idle counter)
Active: CPU=28.07% GPU=100% VRAM=79603MiB (reset idle counter)
Active: CPU=28.53% GPU=100% VRAM=79603MiB (reset idle counter)
Active: CPU=30.78% GPU=100% VRAM=79603MiB (reset idle counter)
Active: CPU=30.00% GPU=100% VRAM=79603MiB (reset idle counter)
Active: CPU=29.89% GPU=100% VRAM=79603MiB (reset idle counter)
Active: CPU=29.27% GPU=100% VRAM=79603MiB (reset idle counter)
Active: CPU=29.38% GPU=100% VRAM=79603MiB (reset idle counter)
Active: CPU=29.57% GPU=100% VRAM=79603MiB (reset idle counter)
Active: CPU=29.01% GPU=100% VRAM=79603MiB (reset idle counter)
Active: CPU=29.16% GPU=100% VRAM=79603MiB (reset idle counter)
Active: CPU=28.75% GPU=100% VRAM=79603MiB (reset idle counter)
Active: CPU=29.68% GPU=100% VRAM=79603MiB (reset idle counter)
Active: CPU=30.32% GPU=100% VRAM=79603MiB (reset idle counter)
Active: CPU=29.46% GPU=100% VRAM=79603MiB (reset idle counter)
Active: CPU=30.42% GPU=100% VRAM=79603MiB (reset idle counter)
Active: CPU=29.63% GPU=100% VRAM=79603MiB (reset idle counter)
Active: CPU=30.64% GPU=100% VRAM=79603MiB (reset idle counter)
Active: CPU=30.35% GPU=100% VRAM=79603MiB (reset idle counter)
Active: CPU=30.36% GPU=100% VRAM=79603MiB (reset idle counter)
Active: CPU=29.09% GPU=100% VRAM=79603MiB (reset idle counter)
Active: CPU=30.54% GPU=100% VRAM=79603MiB (reset idle counter)
Active: CPU=29.25% GPU=100% VRAM=79603MiB (reset idle counter)
Active: CPU=32.54% GPU=100% VRAM=79603MiB (reset idle counter)
Active: CPU=29.86% GPU=100% VRAM=79603MiB (reset idle counter)
Active: CPU=29.62% GPU=100% VRAM=79603MiB (reset idle counter)
Active: CPU=28.99% GPU=100% VRAM=79603MiB (reset idle counter)
Active: CPU=30.92% GPU=100% VRAM=79603MiB (reset idle counter)
Active: CPU=29.39% GPU=100% VRAM=79603MiB (reset idle counter)
Active: CPU=28.70% GPU=100% VRAM=79603MiB (reset idle counter)
Active: CPU=29.69% GPU=100% VRAM=79603MiB (reset idle counter)
Active: CPU=29.47% GPU=100% VRAM=79603MiB (reset idle counter)
Active: CPU=29.42% GPU=100% VRAM=79603MiB (reset idle counter)
Active: CPU=27.91% GPU=100% VRAM=79603MiB (reset idle counter)
Active: CPU=28.96% GPU=100% VRAM=79603MiB (reset idle counter)
Active: CPU=26.60% GPU=100% VRAM=79603MiB (reset idle counter)
Active: CPU=26.69% GPU=100% VRAM=79603MiB (reset idle counter)
Active: CPU=26.83% GPU=100% VRAM=79603MiB (reset idle counter)
Active: CPU=26.40% GPU=100% VRAM=79603MiB (reset idle counter)
Active: CPU=26.24% GPU=100% VRAM=79603MiB (reset idle counter)
Active: CPU=26.66% GPU=100% VRAM=79603MiB (reset idle counter)
Active: CPU=27.16% GPU=100% VRAM=79603MiB (reset idle counter)
Active: CPU=26.62% GPU=100% VRAM=79603MiB (reset idle counter)
Active: CPU=26.17% GPU=100% VRAM=79603MiB (reset idle counter)
Active: CPU=26.47% GPU=100% VRAM=79603MiB (reset idle counter)
Active: CPU=26.15% GPU=100% VRAM=79603MiB (reset idle counter)
Active: CPU=27.15% GPU=100% VRAM=79603MiB (reset idle counter)
Active: CPU=27.97% GPU=100% VRAM=79603MiB (reset idle counter)
Active: CPU=28.08% GPU=100% VRAM=79603MiB (reset idle counter)
Active: CPU=27.51% GPU=100% VRAM=79603MiB (reset idle counter)
Active: CPU=28.30% GPU=100% VRAM=79603MiB (reset idle counter)
Active: CPU=27.74% GPU=100% VRAM=79603MiB (reset idle counter)
Active: CPU=27.83% GPU=100% VRAM=79603MiB (reset idle counter)
Active: CPU=27.13% GPU=100% VRAM=79603MiB (reset idle counter)
Active: CPU=28.01% GPU=100% VRAM=79603MiB (reset idle counter)
Active: CPU=25.54% GPU=100% VRAM=79603MiB (reset idle counter)
Active: CPU=25.26% GPU=100% VRAM=79603MiB (reset idle counter)
Active: CPU=25.01% GPU=100% VRAM=79603MiB (reset idle counter)
Active: CPU=24.64% GPU=100% VRAM=79603MiB (reset idle counter)
Active: CPU=24.90% GPU=100% VRAM=79603MiB (reset idle counter)
Active: CPU=24.66% GPU=100% VRAM=79603MiB (reset idle counter)
Active: CPU=24.58% GPU=100% VRAM=79603MiB (reset idle counter)
Active: CPU=24.66% GPU=100% VRAM=79603MiB (reset idle counter)
Active: CPU=24.54% GPU=100% VRAM=79603MiB (reset idle counter)
Active: CPU=24.69% GPU=100% VRAM=79603MiB (reset idle counter)
Active: CPU=24.66% GPU=100% VRAM=79603MiB (reset idle counter)
Active: CPU=24.79% GPU=100% VRAM=79603MiB (reset idle counter)
Active: CPU=24.84% GPU=100% VRAM=79603MiB (reset idle counter)
Active: CPU=18.24% GPU=100% VRAM=79603MiB (reset idle counter)
Active: CPU=14.76% GPU=100% VRAM=79603MiB (reset idle counter)
Active: CPU=14.71% GPU=100% VRAM=79603MiB (reset idle counter)
Active: CPU=14.82% GPU=100% VRAM=79603MiB (reset idle counter)
Active: CPU=14.76% GPU=100% VRAM=79603MiB (reset idle counter)
Active: CPU=14.78% GPU=100% VRAM=79603MiB (reset idle counter)
Active: CPU=14.81% GPU=100% VRAM=79603MiB (reset idle counter)
Active: CPU=14.73% GPU=100% VRAM=79603MiB (reset idle counter)
Active: CPU=14.89% GPU=100% VRAM=79603MiB (reset idle counter)
Active: CPU=15.12% GPU=100% VRAM=79603MiB (reset idle counter)
Active: CPU=14.73% GPU=100% VRAM=79603MiB (reset idle counter)
Active: CPU=14.71% GPU=100% VRAM=79603MiB (reset idle counter)
Active: CPU=15.03% GPU=100% VRAM=79603MiB (reset idle counter)
Active: CPU=14.88% GPU=100% VRAM=79603MiB (reset idle counter)
Active: CPU=23.76% GPU=100% VRAM=79603MiB (reset idle counter)
Active: CPU=17.40% GPU=100% VRAM=79603MiB (reset idle counter)
Active: CPU=15.70% GPU=100% VRAM=79603MiB (reset idle counter)
Active: CPU=15.94% GPU=100% VRAM=79603MiB (reset idle counter)
Active: CPU=16.26% GPU=100% VRAM=79603MiB (reset idle counter)
Active: CPU=16.18% GPU=100% VRAM=79603MiB (reset idle counter)
Active: CPU=15.89% GPU=100% VRAM=79603MiB (reset idle counter)
Active: CPU=15.95% GPU=100% VRAM=79603MiB (reset idle counter)
Active: CPU=16.77% GPU=100% VRAM=79603MiB (reset idle counter)
Active: CPU=17.03% GPU=100% VRAM=79603MiB (reset idle counter)
Active: CPU=15.66% GPU=100% VRAM=79603MiB (reset idle counter)
Active: CPU=25.17% GPU=100% VRAM=79603MiB (reset idle counter)
Active: CPU=25.14% GPU=100% VRAM=79603MiB (reset idle counter)
Active: CPU=25.09% GPU=100% VRAM=79603MiB (reset idle counter)
Active: CPU=18.87% GPU=100% VRAM=79603MiB (reset idle counter)
Active: CPU=16.16% GPU=100% VRAM=79603MiB (reset idle counter)
Active: CPU=15.75% GPU=100% VRAM=79603MiB (reset idle counter)
Active: CPU=15.69% GPU=100% VRAM=79603MiB (reset idle counter)
Active: CPU=16.18% GPU=100% VRAM=79603MiB (reset idle counter)
Active: CPU=15.68% GPU=100% VRAM=79603MiB (reset idle counter)
Active: CPU=15.74% GPU=100% VRAM=79603MiB (reset idle counter)
Active: CPU=15.82% GPU=100% VRAM=79603MiB (reset idle counter)
Active: CPU=15.87% GPU=100% VRAM=79603MiB (reset idle counter)
Active: CPU=13.78% GPU=100% VRAM=79603MiB (reset idle counter)
Active: CPU=5.36% GPU=100% VRAM=79603MiB (reset idle counter)
Active: CPU=5.66% GPU=100% VRAM=79603MiB (reset idle counter)
Active: CPU=5.63% GPU=100% VRAM=79603MiB (reset idle counter)
Active: CPU=6.43% GPU=100% VRAM=79603MiB (reset idle counter)
Active: CPU=5.64% GPU=100% VRAM=79603MiB (reset idle counter)
Active: CPU=5.06% GPU=100% VRAM=79603MiB (reset idle counter)
Active: CPU=5.18% GPU=100% VRAM=79603MiB (reset idle counter)
Active: CPU=5.03% GPU=100% VRAM=79603MiB (reset idle counter)
Active: CPU=5.22% GPU=100% VRAM=79603MiB (reset idle counter)
Active: CPU=4.36% GPU=100% VRAM=79603MiB (reset idle counter)
Active: CPU=4.45% GPU=100% VRAM=79603MiB (reset idle counter)
Active: CPU=4.49% GPU=100% VRAM=79603MiB (reset idle counter)
Active: CPU=4.24% GPU=100% VRAM=79603MiB (reset idle counter)
Active: CPU=4.18% GPU=100% VRAM=79603MiB (reset idle counter)
Active: CPU=4.49% GPU=100% VRAM=79603MiB (reset idle counter)
Active: CPU=4.61% GPU=100% VRAM=79603MiB (reset idle counter)
Active: CPU=4.22% GPU=100% VRAM=79603MiB (reset idle counter)
Active: CPU=4.17% GPU=100% VRAM=79603MiB (reset idle counter)
Active: CPU=4.29% GPU=100% VRAM=79603MiB (reset idle counter)
Active: CPU=4.16% GPU=100% VRAM=79603MiB (reset idle counter)
Active: CPU=5.87% GPU=100% VRAM=79603MiB (reset idle counter)
Active: CPU=6.93% GPU=100% VRAM=79603MiB (reset idle counter)
Active: CPU=6.78% GPU=100% VRAM=79603MiB (reset idle counter)
Active: CPU=7.92% GPU=100% VRAM=79603MiB (reset idle counter)
Active: CPU=6.94% GPU=100% VRAM=79603MiB (reset idle counter)
Active: CPU=6.55% GPU=100% VRAM=79603MiB (reset idle counter)
Active: CPU=6.01% GPU=100% VRAM=79603MiB (reset idle counter)
Active: CPU=6.07% GPU=100% VRAM=79603MiB (reset idle counter)
Active: CPU=6.03% GPU=100% VRAM=79603MiB (reset idle counter)
Active: CPU=6.26% GPU=100% VRAM=79603MiB (reset idle counter)
Active: CPU=5.32% GPU=100% VRAM=79603MiB (reset idle counter)
Active: CPU=5.74% GPU=100% VRAM=79603MiB (reset idle counter)
Active: CPU=5.72% GPU=100% VRAM=79603MiB (reset idle counter)
Active: CPU=5.72% GPU=100% VRAM=79603MiB (reset idle counter)
Active: CPU=5.47% GPU=100% VRAM=79603MiB (reset idle counter)
Active: CPU=5.85% GPU=100% VRAM=79603MiB (reset idle counter)
Active: CPU=11.55% GPU=100% VRAM=79603MiB (reset idle counter)
Active: CPU=10.70% GPU=100% VRAM=79603MiB (reset idle counter)
Active: CPU=12.60% GPU=100% VRAM=79603MiB (reset idle counter)
Active: CPU=18.70% GPU=100% VRAM=79603MiB (reset idle counter)
Active: CPU=10.93% GPU=100% VRAM=79603MiB (reset idle counter)
Active: CPU=10.89% GPU=100% VRAM=79603MiB (reset idle counter)
Active: CPU=10.41% GPU=100% VRAM=79603MiB (reset idle counter)
Active: CPU=10.15% GPU=100% VRAM=79603MiB (reset idle counter)
Active: CPU=10.76% GPU=100% VRAM=79603MiB (reset idle counter)
Active: CPU=10.29% GPU=100% VRAM=79603MiB (reset idle counter)
Active: CPU=10.50% GPU=100% VRAM=79603MiB (reset idle counter)
Active: CPU=10.20% GPU=100% VRAM=79603MiB (reset idle counter)
Active: CPU=10.29% GPU=100% VRAM=79603MiB (reset idle counter)
Active: CPU=10.22% GPU=100% VRAM=79603MiB (reset idle counter)
Active: CPU=10.24% GPU=100% VRAM=79603MiB (reset idle counter)
Active: CPU=9.94% GPU=100% VRAM=79603MiB (reset idle counter)
Active: CPU=8.91% GPU=100% VRAM=79603MiB (reset idle counter)
Active: CPU=5.40% GPU=100% VRAM=79603MiB (reset idle counter)
Active: CPU=10.91% GPU=100% VRAM=79603MiB (reset idle counter)
Active: CPU=11.11% GPU=100% VRAM=79603MiB (reset idle counter)
Active: CPU=11.62% GPU=100% VRAM=79603MiB (reset idle counter)
Active: CPU=11.80% GPU=100% VRAM=79603MiB (reset idle counter)
Active: CPU=11.22% GPU=100% VRAM=79603MiB (reset idle counter)
Active: CPU=10.63% GPU=100% VRAM=79603MiB (reset idle counter)
Active: CPU=11.02% GPU=100% VRAM=79603MiB (reset idle counter)
Active: CPU=11.36% GPU=100% VRAM=79603MiB (reset idle counter)
Active: CPU=12.02% GPU=100% VRAM=79603MiB (reset idle counter)
Active: CPU=11.72% GPU=100% VRAM=79603MiB (reset idle counter)
Active: CPU=11.45% GPU=100% VRAM=79603MiB (reset idle counter)
Active: CPU=12.50% GPU=100% VRAM=79603MiB (reset idle counter)
Active: CPU=11.89% GPU=100% VRAM=79603MiB (reset idle counter)
Active: CPU=11.93% GPU=100% VRAM=79603MiB (reset idle counter)
Active: CPU=11.36% GPU=100% VRAM=79603MiB (reset idle counter)
Active: CPU=11.27% GPU=100% VRAM=79603MiB (reset idle counter)
Active: CPU=11.58% GPU=100% VRAM=79603MiB (reset idle counter)
Active: CPU=11.50% GPU=100% VRAM=79603MiB (reset idle counter)
Active: CPU=11.30% GPU=100% VRAM=79603MiB (reset idle counter)
Active: CPU=11.07% GPU=100% VRAM=79603MiB (reset idle counter)
Active: CPU=11.76% GPU=100% VRAM=79603MiB (reset idle counter)
Active: CPU=11.63% GPU=100% VRAM=79603MiB (reset idle counter)
Active: CPU=12.66% GPU=100% VRAM=79603MiB (reset idle counter)
Active: CPU=10.98% GPU=100% VRAM=79603MiB (reset idle counter)
Active: CPU=11.20% GPU=100% VRAM=79603MiB (reset idle counter)
Active: CPU=10.84% GPU=100% VRAM=79603MiB (reset idle counter)
Active: CPU=11.36% GPU=100% VRAM=79603MiB (reset idle counter)
Active: CPU=11.34% GPU=100% VRAM=79603MiB (reset idle counter)
Active: CPU=10.81% GPU=100% VRAM=79603MiB (reset idle counter)
Active: CPU=10.84% GPU=100% VRAM=79603MiB (reset idle counter)
Active: CPU=10.89% GPU=100% VRAM=79603MiB (reset idle counter)
Active: CPU=10.69% GPU=100% VRAM=79603MiB (reset idle counter)
Active: CPU=10.63% GPU=100% VRAM=79603MiB (reset idle counter)
Active: CPU=11.34% GPU=100% VRAM=79603MiB (reset idle counter)
Active: CPU=10.73% GPU=100% VRAM=79603MiB (reset idle counter)
Active: CPU=10.90% GPU=100% VRAM=79603MiB (reset idle counter)
Active: CPU=11.30% GPU=100% VRAM=79603MiB (reset idle counter)
Active: CPU=10.98% GPU=100% VRAM=79603MiB (reset idle counter)
Active: CPU=10.76% GPU=100% VRAM=79603MiB (reset idle counter)
Active: CPU=10.64% GPU=100% VRAM=79603MiB (reset idle counter)
Active: CPU=11.05% GPU=100% VRAM=79603MiB (reset idle counter)
Active: CPU=10.47% GPU=100% VRAM=79603MiB (reset idle counter)
Active: CPU=10.86% GPU=100% VRAM=79603MiB (reset idle counter)
Active: CPU=10.66% GPU=100% VRAM=79603MiB (reset idle counter)
Active: CPU=15.96% GPU=100% VRAM=79603MiB (reset idle counter)
Active: CPU=14.33% GPU=100% VRAM=79603MiB (reset idle counter)
Active: CPU=16.72% GPU=100% VRAM=79603MiB (reset idle counter)
Active: CPU=12.93% GPU=100% VRAM=79603MiB (reset idle counter)
Active: CPU=9.87% GPU=100% VRAM=79603MiB (reset idle counter)
Active: CPU=9.90% GPU=100% VRAM=79603MiB (reset idle counter)
Active: CPU=10.21% GPU=100% VRAM=79603MiB (reset idle counter)
Active: CPU=9.73% GPU=100% VRAM=79603MiB (reset idle counter)
Active: CPU=9.65% GPU=100% VRAM=79603MiB (reset idle counter)
Active: CPU=9.69% GPU=100% VRAM=79603MiB (reset idle counter)
Active: CPU=9.67% GPU=100% VRAM=79603MiB (reset idle counter)
Active: CPU=9.52% GPU=100% VRAM=79603MiB (reset idle counter)
Active: CPU=9.07% GPU=100% VRAM=79603MiB (reset idle counter)
Active: CPU=10.60% GPU=100% VRAM=79603MiB (reset idle counter)
Active: CPU=10.56% GPU=100% VRAM=79603MiB (reset idle counter)
Active: CPU=10.99% GPU=100% VRAM=79603MiB (reset idle counter)
Active: CPU=10.45% GPU=100% VRAM=79603MiB (reset idle counter)
Active: CPU=10.01% GPU=100% VRAM=79603MiB (reset idle counter)
Active: CPU=10.25% GPU=100% VRAM=79603MiB (reset idle counter)
Active: CPU=11.09% GPU=100% VRAM=79603MiB (reset idle counter)
Active: CPU=9.90% GPU=100% VRAM=79603MiB (reset idle counter)
Active: CPU=8.98% GPU=100% VRAM=79603MiB (reset idle counter)
Active: CPU=9.04% GPU=100% VRAM=79603MiB (reset idle counter)
Active: CPU=9.21% GPU=100% VRAM=79603MiB (reset idle counter)
Active: CPU=10.23% GPU=100% VRAM=79603MiB (reset idle counter)
Active: CPU=10.31% GPU=100% VRAM=79603MiB (reset idle counter)
Active: CPU=10.28% GPU=100% VRAM=79603MiB (reset idle counter)
Active: CPU=10.92% GPU=100% VRAM=79603MiB (reset idle counter)
Active: CPU=9.55% GPU=100% VRAM=79603MiB (reset idle counter)
Active: CPU=9.43% GPU=100% VRAM=79603MiB (reset idle counter)
Active: CPU=9.41% GPU=100% VRAM=79603MiB (reset idle counter)
Active: CPU=9.77% GPU=100% VRAM=79603MiB (reset idle counter)
Active: CPU=9.49% GPU=100% VRAM=79603MiB (reset idle counter)
Active: CPU=8.97% GPU=100% VRAM=79603MiB (reset idle counter)
Active: CPU=9.35% GPU=100% VRAM=79603MiB (reset idle counter)
Active: CPU=9.50% GPU=100% VRAM=79603MiB (reset idle counter)
Active: CPU=9.80% GPU=100% VRAM=79603MiB (reset idle counter)
Active: CPU=11.65% GPU=100% VRAM=79603MiB (reset idle counter)
Active: CPU=10.70% GPU=100% VRAM=79603MiB (reset idle counter)
Active: CPU=9.41% GPU=100% VRAM=79603MiB (reset idle counter)
Active: CPU=8.66% GPU=100% VRAM=79603MiB (reset idle counter)
Active: CPU=8.51% GPU=100% VRAM=79603MiB (reset idle counter)
Active: CPU=8.80% GPU=100% VRAM=79603MiB (reset idle counter)
Active: CPU=8.95% GPU=100% VRAM=79603MiB (reset idle counter)
Active: CPU=8.42% GPU=100% VRAM=79603MiB (reset idle counter)
Active: CPU=10.68% GPU=100% VRAM=79603MiB (reset idle counter)
Active: CPU=9.46% GPU=100% VRAM=79603MiB (reset idle counter)
Active: CPU=8.95% GPU=100% VRAM=79603MiB (reset idle counter)
Active: CPU=9.58% GPU=100% VRAM=79603MiB (reset idle counter)
Active: CPU=9.00% GPU=100% VRAM=79603MiB (reset idle counter)
Active: CPU=9.68% GPU=100% VRAM=79603MiB (reset idle counter)
Active: CPU=10.68% GPU=100% VRAM=79603MiB (reset idle counter)
Active: CPU=14.52% GPU=100% VRAM=79603MiB (reset idle counter)
Active: CPU=16.13% GPU=100% VRAM=79603MiB (reset idle counter)
Active: CPU=16.15% GPU=100% VRAM=79603MiB (reset idle counter)
Active: CPU=12.30% GPU=100% VRAM=79603MiB (reset idle counter)
Active: CPU=16.79% GPU=100% VRAM=79603MiB (reset idle counter)
Active: CPU=11.75% GPU=100% VRAM=79603MiB (reset idle counter)
Active: CPU=12.05% GPU=100% VRAM=79603MiB (reset idle counter)
Active: CPU=10.64% GPU=100% VRAM=79603MiB (reset idle counter)
Active: CPU=10.60% GPU=100% VRAM=79603MiB (reset idle counter)
Active: CPU=10.57% GPU=100% VRAM=79603MiB (reset idle counter)
Active: CPU=10.77% GPU=100% VRAM=79603MiB (reset idle counter)
Active: CPU=10.99% GPU=100% VRAM=79603MiB (reset idle counter)
Active: CPU=9.74% GPU=100% VRAM=79603MiB (reset idle counter)
Active: CPU=8.96% GPU=100% VRAM=79603MiB (reset idle counter)
Active: CPU=10.45% GPU=100% VRAM=79603MiB (reset idle counter)
Active: CPU=11.13% GPU=100% VRAM=79603MiB (reset idle counter)
Active: CPU=12.65% GPU=100% VRAM=79603MiB (reset idle counter)
Active: CPU=12.56% GPU=100% VRAM=79603MiB (reset idle counter)
Active: CPU=43.21% GPU=100% VRAM=79603MiB (reset idle counter)
Active: CPU=78.42% GPU=100% VRAM=79603MiB (reset idle counter)
Active: CPU=79.57% GPU=100% VRAM=79603MiB (reset idle counter)
Active: CPU=78.21% GPU=100% VRAM=79603MiB (reset idle counter)
Active: CPU=76.50% GPU=100% VRAM=79603MiB (reset idle counter)
Active: CPU=78.68% GPU=100% VRAM=79603MiB (reset idle counter)
Active: CPU=54.81% GPU=100% VRAM=79603MiB (reset idle counter)
Active: CPU=77.85% GPU=100% VRAM=79603MiB (reset idle counter)
Active: CPU=67.42% GPU=100% VRAM=79603MiB (reset idle counter)
Active: CPU=11.84% GPU=100% VRAM=79603MiB (reset idle counter)
Active: CPU=20.60% GPU=100% VRAM=79603MiB (reset idle counter)
Active: CPU=13.16% GPU=100% VRAM=79603MiB (reset idle counter)
Active: CPU=10.69% GPU=100% VRAM=79603MiB (reset idle counter)
Active: CPU=10.84% GPU=100% VRAM=79603MiB (reset idle counter)
Active: CPU=11.99% GPU=100% VRAM=79603MiB (reset idle counter)
Active: CPU=12.52% GPU=100% VRAM=79603MiB (reset idle counter)
Active: CPU=26.83% GPU=100% VRAM=79603MiB (reset idle counter)
Active: CPU=18.10% GPU=100% VRAM=79603MiB (reset idle counter)
Active: CPU=14.55% GPU=100% VRAM=79603MiB (reset idle counter)
Active: CPU=13.54% GPU=100% VRAM=79603MiB (reset idle counter)
Active: CPU=15.76% GPU=100% VRAM=79603MiB (reset idle counter)
Active: CPU=13.32% GPU=100% VRAM=79603MiB (reset idle counter)
Active: CPU=12.95% GPU=100% VRAM=79603MiB (reset idle counter)
Active: CPU=12.30% GPU=100% VRAM=79603MiB (reset idle counter)
Active: CPU=12.26% GPU=100% VRAM=79603MiB (reset idle counter)
Active: CPU=11.66% GPU=100% VRAM=79603MiB (reset idle counter)
Active: CPU=9.63% GPU=100% VRAM=79603MiB (reset idle counter)
Active: CPU=6.15% GPU=100% VRAM=79603MiB (reset idle counter)
Active: CPU=5.54% GPU=100% VRAM=79603MiB (reset idle counter)
Active: CPU=5.79% GPU=100% VRAM=79603MiB (reset idle counter)
Active: CPU=5.46% GPU=100% VRAM=79603MiB (reset idle counter)
Active: CPU=5.91% GPU=100% VRAM=79603MiB (reset idle counter)
Active: CPU=5.94% GPU=100% VRAM=79603MiB (reset idle counter)
Active: CPU=4.70% GPU=100% VRAM=79603MiB (reset idle counter)
Active: CPU=5.86% GPU=100% VRAM=79603MiB (reset idle counter)
Active: CPU=5.22% GPU=100% VRAM=79603MiB (reset idle counter)
Active: CPU=5.73% GPU=100% VRAM=79603MiB (reset idle counter)
Active: CPU=12.56% GPU=100% VRAM=79603MiB (reset idle counter)
Active: CPU=15.67% GPU=100% VRAM=79603MiB (reset idle counter)
Active: CPU=15.15% GPU=100% VRAM=79603MiB (reset idle counter)
Active: CPU=18.98% GPU=100% VRAM=79603MiB (reset idle counter)
Active: CPU=21.66% GPU=100% VRAM=79603MiB (reset idle counter)
Active: CPU=20.07% GPU=100% VRAM=79603MiB (reset idle counter)
Active: CPU=20.41% GPU=100% VRAM=79603MiB (reset idle counter)
Active: CPU=18.30% GPU=100% VRAM=79603MiB (reset idle counter)
Active: CPU=25.08% GPU=100% VRAM=79603MiB (reset idle counter)
Active: CPU=26.33% GPU=100% VRAM=79603MiB (reset idle counter)
Active: CPU=19.78% GPU=100% VRAM=79603MiB (reset idle counter)
Active: CPU=24.39% GPU=100% VRAM=79603MiB (reset idle counter)
Active: CPU=11.02% GPU=100% VRAM=79603MiB (reset idle counter)
Active: CPU=10.30% GPU=100% VRAM=79603MiB (reset idle counter)
Active: CPU=14.80% GPU=100% VRAM=79603MiB (reset idle counter)
Active: CPU=15.69% GPU=100% VRAM=79603MiB (reset idle counter)
Active: CPU=13.29% GPU=100% VRAM=79603MiB (reset idle counter)
Active: CPU=12.82% GPU=100% VRAM=79603MiB (reset idle counter)
Active: CPU=12.57% GPU=100% VRAM=79603MiB (reset idle counter)
Active: CPU=13.11% GPU=100% VRAM=79603MiB (reset idle counter)
Active: CPU=16.43% GPU=100% VRAM=79603MiB (reset idle counter)
Active: CPU=16.11% GPU=100% VRAM=79603MiB (reset idle counter)
Active: CPU=16.07% GPU=100% VRAM=79603MiB (reset idle counter)
Active: CPU=16.23% GPU=100% VRAM=79603MiB (reset idle counter)
Active: CPU=16.28% GPU=100% VRAM=79603MiB (reset idle counter)
Active: CPU=16.24% GPU=100% VRAM=79603MiB (reset idle counter)
Active: CPU=16.61% GPU=100% VRAM=79603MiB (reset idle counter)
Active: CPU=16.12% GPU=100% VRAM=79603MiB (reset idle counter)
Active: CPU=17.96% GPU=100% VRAM=79603MiB (reset idle counter)
Active: CPU=39.50% GPU=100% VRAM=79603MiB (reset idle counter)
Active: CPU=27.76% GPU=100% VRAM=79603MiB (reset idle counter)
Active: CPU=25.33% GPU=100% VRAM=79603MiB (reset idle counter)
Active: CPU=18.53% GPU=100% VRAM=79603MiB (reset idle counter)
Active: CPU=18.66% GPU=100% VRAM=79603MiB (reset idle counter)
Active: CPU=18.08% GPU=100% VRAM=79603MiB (reset idle counter)
Active: CPU=17.39% GPU=100% VRAM=79603MiB (reset idle counter)
Active: CPU=14.98% GPU=100% VRAM=79603MiB (reset idle counter)
Active: CPU=13.93% GPU=100% VRAM=79603MiB (reset idle counter)
Active: CPU=13.21% GPU=100% VRAM=79603MiB (reset idle counter)
Active: CPU=13.62% GPU=100% VRAM=79603MiB (reset idle counter)
Active: CPU=14.53% GPU=100% VRAM=79603MiB (reset idle counter)
Active: CPU=16.95% GPU=100% VRAM=79603MiB (reset idle counter)
Active: CPU=32.74% GPU=100% VRAM=79603MiB (reset idle counter)
Active: CPU=35.81% GPU=100% VRAM=79603MiB (reset idle counter)
Active: CPU=21.05% GPU=100% VRAM=79603MiB (reset idle counter)
Active: CPU=16.37% GPU=100% VRAM=79603MiB (reset idle counter)
Active: CPU=16.61% GPU=99% VRAM=79603MiB (reset idle counter)
Active: CPU=34.47% GPU=100% VRAM=79603MiB (reset idle counter)
Active: CPU=33.95% GPU=100% VRAM=79603MiB (reset idle counter)
Active: CPU=25.12% GPU=100% VRAM=79603MiB (reset idle counter)
Active: CPU=16.11% GPU=100% VRAM=79603MiB (reset idle counter)
Active: CPU=16.52% GPU=100% VRAM=79603MiB (reset idle counter)
Active: CPU=16.80% GPU=100% VRAM=79603MiB (reset idle counter)
Active: CPU=16.75% GPU=100% VRAM=79603MiB (reset idle counter)
Active: CPU=16.52% GPU=100% VRAM=79603MiB (reset idle counter)
Active: CPU=17.21% GPU=100% VRAM=79603MiB (reset idle counter)
Active: CPU=10.80% GPU=100% VRAM=79603MiB (reset idle counter)
Active: CPU=5.21% GPU=100% VRAM=79603MiB (reset idle counter)
Active: CPU=5.14% GPU=100% VRAM=79603MiB (reset idle counter)
Active: CPU=5.63% GPU=100% VRAM=79603MiB (reset idle counter)
Active: CPU=4.98% GPU=100% VRAM=79603MiB (reset idle counter)
Active: CPU=5.32% GPU=100% VRAM=79603MiB (reset idle counter)
Active: CPU=5.10% GPU=100% VRAM=79603MiB (reset idle counter)
Active: CPU=5.18% GPU=100% VRAM=79603MiB (reset idle counter)
Active: CPU=5.33% GPU=100% VRAM=79603MiB (reset idle counter)
Active: CPU=5.28% GPU=100% VRAM=79603MiB (reset idle counter)
Active: CPU=5.45% GPU=100% VRAM=79603MiB (reset idle counter)
Active: CPU=5.10% GPU=100% VRAM=79603MiB (reset idle counter)
Active: CPU=5.52% GPU=100% VRAM=79603MiB (reset idle counter)
Active: CPU=5.95% GPU=100% VRAM=79603MiB (reset idle counter)
Active: CPU=11.72% GPU=100% VRAM=79603MiB (reset idle counter)
Active: CPU=8.04% GPU=100% VRAM=79603MiB (reset idle counter)
Active: CPU=5.16% GPU=100% VRAM=79603MiB (reset idle counter)
Active: CPU=5.19% GPU=100% VRAM=79603MiB (reset idle counter)
Active: CPU=5.07% GPU=100% VRAM=79603MiB (reset idle counter)
Active: CPU=5.29% GPU=100% VRAM=79603MiB (reset idle counter)
Active: CPU=5.77% GPU=100% VRAM=79603MiB (reset idle counter)
Active: CPU=5.47% GPU=100% VRAM=79603MiB (reset idle counter)
Active: CPU=5.17% GPU=100% VRAM=79603MiB (reset idle counter)
Active: CPU=5.49% GPU=100% VRAM=79603MiB (reset idle counter)
Active: CPU=5.07% GPU=100% VRAM=79603MiB (reset idle counter)
Active: CPU=5.41% GPU=100% VRAM=79603MiB (reset idle counter)
Active: CPU=5.08% GPU=100% VRAM=79603MiB (reset idle counter)
Active: CPU=5.56% GPU=100% VRAM=79603MiB (reset idle counter)
Active: CPU=5.09% GPU=100% VRAM=79603MiB (reset idle counter)
Active: CPU=5.29% GPU=100% VRAM=79603MiB (reset idle counter)
Active: CPU=5.74% GPU=100% VRAM=79603MiB (reset idle counter)
Active: CPU=5.22% GPU=100% VRAM=79603MiB (reset idle counter)
Active: CPU=5.12% GPU=100% VRAM=79603MiB (reset idle counter)
Active: CPU=6.21% GPU=100% VRAM=79603MiB (reset idle counter)
Active: CPU=6.30% GPU=100% VRAM=79603MiB (reset idle counter)
Active: CPU=4.14% GPU=100% VRAM=79603MiB (reset idle counter)
Active: CPU=8.47% GPU=100% VRAM=79603MiB (reset idle counter)
Active: CPU=7.33% GPU=100% VRAM=79603MiB (reset idle counter)
Active: CPU=4.13% GPU=100% VRAM=79603MiB (reset idle counter)
Active: CPU=6.10% GPU=100% VRAM=79603MiB (reset idle counter)
Active: CPU=6.64% GPU=100% VRAM=79603MiB (reset idle counter)
Active: CPU=4.61% GPU=100% VRAM=79603MiB (reset idle counter)
Active: CPU=3.46% GPU=100% VRAM=79603MiB (reset idle counter)
Active: CPU=4.77% GPU=100% VRAM=79603MiB (reset idle counter)
Active: CPU=5.00% GPU=100% VRAM=79603MiB (reset idle counter)
Active: CPU=4.47% GPU=100% VRAM=79603MiB (reset idle counter)
Active: CPU=5.18% GPU=100% VRAM=79603MiB (reset idle counter)
Active: CPU=4.60% GPU=100% VRAM=79603MiB (reset idle counter)
Active: CPU=3.29% GPU=100% VRAM=79603MiB (reset idle counter)
Active: CPU=5.13% GPU=99% VRAM=79603MiB (reset idle counter)
Active: CPU=19.55% GPU=100% VRAM=79603MiB (reset idle counter)
Active: CPU=21.44% GPU=100% VRAM=79603MiB (reset idle counter)
Active: CPU=22.11% GPU=100% VRAM=79603MiB (reset idle counter)
Active: CPU=13.79% GPU=100% VRAM=79603MiB (reset idle counter)
Active: CPU=11.61% GPU=100% VRAM=79603MiB (reset idle counter)
Active: CPU=12.74% GPU=100% VRAM=79603MiB (reset idle counter)
Active: CPU=12.38% GPU=100% VRAM=79603MiB (reset idle counter)
Active: CPU=5.73% GPU=100% VRAM=79603MiB (reset idle counter)
Active: CPU=2.66% GPU=100% VRAM=79603MiB (reset idle counter)
Active: CPU=3.63% GPU=100% VRAM=79603MiB (reset idle counter)
Active: CPU=4.64% GPU=100% VRAM=79603MiB (reset idle counter)
Active: CPU=4.13% GPU=100% VRAM=79603MiB (reset idle counter)
Active: CPU=4.14% GPU=100% VRAM=79603MiB (reset idle counter)
Active: CPU=10.29% GPU=100% VRAM=79603MiB (reset idle counter)
Active: CPU=13.06% GPU=100% VRAM=79603MiB (reset idle counter)
Active: CPU=13.04% GPU=100% VRAM=79603MiB (reset idle counter)
Active: CPU=12.96% GPU=100% VRAM=79603MiB (reset idle counter)
Active: CPU=13.61% GPU=100% VRAM=79603MiB (reset idle counter)
Active: CPU=13.91% GPU=100% VRAM=79603MiB (reset idle counter)
Active: CPU=14.26% GPU=100% VRAM=79603MiB (reset idle counter)
Active: CPU=13.43% GPU=100% VRAM=79603MiB (reset idle counter)
Active: CPU=13.96% GPU=100% VRAM=79603MiB (reset idle counter)
Active: CPU=14.08% GPU=100% VRAM=79603MiB (reset idle counter)
Active: CPU=13.50% GPU=100% VRAM=79603MiB (reset idle counter)
Active: CPU=14.27% GPU=100% VRAM=79603MiB (reset idle counter)
Active: CPU=13.98% GPU=100% VRAM=79603MiB (reset idle counter)
Active: CPU=12.95% GPU=100% VRAM=79603MiB (reset idle counter)
Active: CPU=13.25% GPU=100% VRAM=79603MiB (reset idle counter)
Active: CPU=13.21% GPU=100% VRAM=79603MiB (reset idle counter)
Active: CPU=12.72% GPU=100% VRAM=80025MiB (reset idle counter)
Active: CPU=13.60% GPU=100% VRAM=79603MiB (reset idle counter)
Active: CPU=13.20% GPU=100% VRAM=79603MiB (reset idle counter)
Active: CPU=13.23% GPU=100% VRAM=79603MiB (reset idle counter)
Active: CPU=12.30% GPU=100% VRAM=79603MiB (reset idle counter)
Active: CPU=13.18% GPU=100% VRAM=79603MiB (reset idle counter)
Active: CPU=13.52% GPU=100% VRAM=79603MiB (reset idle counter)
Active: CPU=12.28% GPU=100% VRAM=79603MiB (reset idle counter)
Active: CPU=13.62% GPU=100% VRAM=79603MiB (reset idle counter)
Active: CPU=13.27% GPU=100% VRAM=79603MiB (reset idle counter)
Active: CPU=12.49% GPU=100% VRAM=80025MiB (reset idle counter)
Active: CPU=14.87% GPU=100% VRAM=79603MiB (reset idle counter)
Active: CPU=15.72% GPU=100% VRAM=79603MiB (reset idle counter)
Active: CPU=15.78% GPU=100% VRAM=79603MiB (reset idle counter)
Active: CPU=13.72% GPU=100% VRAM=79603MiB (reset idle counter)
Active: CPU=14.78% GPU=100% VRAM=79603MiB (reset idle counter)
Active: CPU=14.46% GPU=100% VRAM=79603MiB (reset idle counter)
Active: CPU=14.41% GPU=100% VRAM=79603MiB (reset idle counter)
Active: CPU=15.54% GPU=100% VRAM=79603MiB (reset idle counter)
Active: CPU=14.19% GPU=100% VRAM=79603MiB (reset idle counter)
Active: CPU=14.05% GPU=100% VRAM=79603MiB (reset idle counter)
Active: CPU=13.18% GPU=100% VRAM=79603MiB (reset idle counter)
Active: CPU=13.90% GPU=100% VRAM=79603MiB (reset idle counter)
Active: CPU=13.90% GPU=100% VRAM=79603MiB (reset idle counter)
Active: CPU=14.06% GPU=100% VRAM=79603MiB (reset idle counter)
Active: CPU=14.98% GPU=100% VRAM=79603MiB (reset idle counter)
Active: CPU=15.17% GPU=100% VRAM=79603MiB (reset idle counter)
Active: CPU=12.26% GPU=100% VRAM=79603MiB (reset idle counter)
Active: CPU=4.53% GPU=100% VRAM=79603MiB (reset idle counter)
Active: CPU=6.06% GPU=100% VRAM=79603MiB (reset idle counter)
Active: CPU=9.42% GPU=100% VRAM=79603MiB (reset idle counter)
Active: CPU=8.54% GPU=100% VRAM=79603MiB (reset idle counter)
Active: CPU=6.51% GPU=100% VRAM=79603MiB (reset idle counter)
Active: CPU=5.15% GPU=100% VRAM=79603MiB (reset idle counter)
Active: CPU=6.53% GPU=100% VRAM=79603MiB (reset idle counter)
Active: CPU=7.63% GPU=100% VRAM=79603MiB (reset idle counter)
Active: CPU=7.91% GPU=100% VRAM=79603MiB (reset idle counter)
Active: CPU=9.23% GPU=100% VRAM=79603MiB (reset idle counter)
Active: CPU=8.46% GPU=100% VRAM=79603MiB (reset idle counter)
Active: CPU=7.48% GPU=100% VRAM=79603MiB (reset idle counter)
Active: CPU=8.54% GPU=100% VRAM=79603MiB (reset idle counter)
Active: CPU=7.31% GPU=100% VRAM=79603MiB (reset idle counter)
Active: CPU=5.61% GPU=100% VRAM=79603MiB (reset idle counter)
Active: CPU=5.81% GPU=100% VRAM=79603MiB (reset idle counter)
Active: CPU=6.32% GPU=100% VRAM=79603MiB (reset idle counter)
Active: CPU=6.19% GPU=100% VRAM=79603MiB (reset idle counter)
Active: CPU=6.99% GPU=100% VRAM=79603MiB (reset idle counter)
Active: CPU=12.57% GPU=100% VRAM=79603MiB (reset idle counter)
Active: CPU=8.25% GPU=100% VRAM=79603MiB (reset idle counter)
Active: CPU=10.26% GPU=100% VRAM=79603MiB (reset idle counter)
Active: CPU=11.50% GPU=100% VRAM=79603MiB (reset idle counter)
Active: CPU=12.46% GPU=100% VRAM=79603MiB (reset idle counter)
Active: CPU=19.23% GPU=100% VRAM=79603MiB (reset idle counter)
Active: CPU=10.77% GPU=100% VRAM=79603MiB (reset idle counter)
Active: CPU=10.31% GPU=100% VRAM=79603MiB (reset idle counter)
Active: CPU=11.23% GPU=100% VRAM=79603MiB (reset idle counter)
Active: CPU=11.14% GPU=100% VRAM=79603MiB (reset idle counter)
Active: CPU=10.42% GPU=100% VRAM=79603MiB (reset idle counter)
Active: CPU=10.44% GPU=100% VRAM=79603MiB (reset idle counter)
Active: CPU=11.12% GPU=100% VRAM=79603MiB (reset idle counter)
Active: CPU=10.51% GPU=100% VRAM=79603MiB (reset idle counter)
Active: CPU=10.39% GPU=100% VRAM=79603MiB (reset idle counter)
Active: CPU=10.68% GPU=100% VRAM=79603MiB (reset idle counter)
Active: CPU=8.63% GPU=100% VRAM=79603MiB (reset idle counter)
Active: CPU=7.87% GPU=100% VRAM=79603MiB (reset idle counter)
Active: CPU=6.01% GPU=100% VRAM=79603MiB (reset idle counter)
Active: CPU=6.05% GPU=100% VRAM=79603MiB (reset idle counter)
Active: CPU=6.16% GPU=100% VRAM=79603MiB (reset idle counter)
Active: CPU=6.32% GPU=100% VRAM=79603MiB (reset idle counter)
Active: CPU=6.17% GPU=100% VRAM=79603MiB (reset idle counter)
Active: CPU=13.90% GPU=100% VRAM=79603MiB (reset idle counter)
Active: CPU=8.11% GPU=100% VRAM=79603MiB (reset idle counter)
Active: CPU=9.16% GPU=100% VRAM=79603MiB (reset idle counter)
Active: CPU=11.01% GPU=100% VRAM=79603MiB (reset idle counter)
Active: CPU=9.97% GPU=100% VRAM=79603MiB (reset idle counter)
Active: CPU=9.94% GPU=100% VRAM=79603MiB (reset idle counter)
Active: CPU=9.26% GPU=100% VRAM=79603MiB (reset idle counter)
Active: CPU=8.91% GPU=100% VRAM=79603MiB (reset idle counter)
Active: CPU=9.05% GPU=100% VRAM=79603MiB (reset idle counter)
Active: CPU=9.25% GPU=100% VRAM=79603MiB (reset idle counter)
Active: CPU=9.19% GPU=100% VRAM=79603MiB (reset idle counter)
Active: CPU=9.06% GPU=100% VRAM=79603MiB (reset idle counter)
Active: CPU=7.89% GPU=100% VRAM=79603MiB (reset idle counter)
Active: CPU=8.51% GPU=100% VRAM=79603MiB (reset idle counter)
Active: CPU=8.02% GPU=100% VRAM=79603MiB (reset idle counter)
Active: CPU=8.65% GPU=100% VRAM=79603MiB (reset idle counter)
Active: CPU=8.22% GPU=100% VRAM=79603MiB (reset idle counter)
Active: CPU=6.15% GPU=100% VRAM=79603MiB (reset idle counter)
Active: CPU=5.93% GPU=100% VRAM=79603MiB (reset idle counter)
Active: CPU=6.38% GPU=100% VRAM=79603MiB (reset idle counter)
Active: CPU=6.21% GPU=100% VRAM=79603MiB (reset idle counter)
Active: CPU=6.45% GPU=100% VRAM=79603MiB (reset idle counter)
Active: CPU=5.87% GPU=100% VRAM=79603MiB (reset idle counter)
Active: CPU=5.88% GPU=100% VRAM=79603MiB (reset idle counter)
Active: CPU=6.26% GPU=100% VRAM=79603MiB (reset idle counter)
Active: CPU=5.93% GPU=100% VRAM=79603MiB (reset idle counter)
Active: CPU=5.93% GPU=100% VRAM=79603MiB (reset idle counter)
Active: CPU=6.38% GPU=100% VRAM=79603MiB (reset idle counter)
Active: CPU=7.33% GPU=100% VRAM=79603MiB (reset idle counter)
Active: CPU=6.89% GPU=100% VRAM=79603MiB (reset idle counter)
Active: CPU=8.59% GPU=100% VRAM=79603MiB (reset idle counter)
Active: CPU=9.35% GPU=100% VRAM=79603MiB (reset idle counter)
Active: CPU=7.53% GPU=100% VRAM=79603MiB (reset idle counter)
Active: CPU=6.84% GPU=100% VRAM=79603MiB (reset idle counter)
Active: CPU=6.70% GPU=100% VRAM=79603MiB (reset idle counter)
Active: CPU=6.71% GPU=100% VRAM=79603MiB (reset idle counter)
Active: CPU=7.37% GPU=100% VRAM=79603MiB (reset idle counter)
Active: CPU=6.72% GPU=100% VRAM=79603MiB (reset idle counter)
Active: CPU=7.47% GPU=100% VRAM=79603MiB (reset idle counter)
Active: CPU=9.53% GPU=100% VRAM=79603MiB (reset idle counter)
Active: CPU=9.86% GPU=100% VRAM=80025MiB (reset idle counter)
Active: CPU=9.17% GPU=100% VRAM=79603MiB (reset idle counter)
Active: CPU=9.17% GPU=100% VRAM=79603MiB (reset idle counter)
Active: CPU=10.09% GPU=100% VRAM=79603MiB (reset idle counter)
Active: CPU=10.17% GPU=100% VRAM=79603MiB (reset idle counter)
Active: CPU=12.02% GPU=100% VRAM=79603MiB (reset idle counter)
Active: CPU=10.79% GPU=100% VRAM=79603MiB (reset idle counter)
Active: CPU=8.05% GPU=100% VRAM=79603MiB (reset idle counter)
Active: CPU=8.21% GPU=100% VRAM=79603MiB (reset idle counter)
Active: CPU=10.07% GPU=100% VRAM=79603MiB (reset idle counter)
Active: CPU=11.51% GPU=100% VRAM=79603MiB (reset idle counter)
Active: CPU=9.94% GPU=100% VRAM=79603MiB (reset idle counter)
Active: CPU=10.04% GPU=100% VRAM=79603MiB (reset idle counter)
Active: CPU=7.69% GPU=100% VRAM=79603MiB (reset idle counter)
Active: CPU=8.42% GPU=100% VRAM=79603MiB (reset idle counter)
Active: CPU=7.67% GPU=100% VRAM=79603MiB (reset idle counter)
Active: CPU=8.66% GPU=100% VRAM=79603MiB (reset idle counter)
Active: CPU=7.12% GPU=100% VRAM=79603MiB (reset idle counter)
Active: CPU=6.78% GPU=100% VRAM=79603MiB (reset idle counter)
Active: CPU=7.44% GPU=100% VRAM=79603MiB (reset idle counter)
Active: CPU=11.60% GPU=100% VRAM=79603MiB (reset idle counter)
Active: CPU=11.19% GPU=100% VRAM=79603MiB (reset idle counter)
Active: CPU=10.79% GPU=100% VRAM=79603MiB (reset idle counter)
Active: CPU=7.76% GPU=100% VRAM=79603MiB (reset idle counter)
Active: CPU=7.87% GPU=100% VRAM=79603MiB (reset idle counter)
Active: CPU=11.06% GPU=100% VRAM=79603MiB (reset idle counter)
Active: CPU=10.95% GPU=100% VRAM=79603MiB (reset idle counter)
Active: CPU=10.57% GPU=100% VRAM=79603MiB (reset idle counter)
Active: CPU=10.39% GPU=100% VRAM=79603MiB (reset idle counter)
Active: CPU=9.84% GPU=100% VRAM=79603MiB (reset idle counter)
Active: CPU=9.86% GPU=100% VRAM=79603MiB (reset idle counter)
Active: CPU=9.31% GPU=100% VRAM=79603MiB (reset idle counter)
Active: CPU=10.23% GPU=100% VRAM=79603MiB (reset idle counter)
Active: CPU=9.13% GPU=100% VRAM=79603MiB (reset idle counter)
Active: CPU=8.93% GPU=100% VRAM=79603MiB (reset idle counter)
Active: CPU=8.75% GPU=100% VRAM=79603MiB (reset idle counter)
Active: CPU=9.33% GPU=100% VRAM=79603MiB (reset idle counter)
Active: CPU=9.74% GPU=100% VRAM=79603MiB (reset idle counter)
Active: CPU=8.31% GPU=100% VRAM=79603MiB (reset idle counter)
Active: CPU=8.91% GPU=100% VRAM=79603MiB (reset idle counter)
Active: CPU=9.96% GPU=100% VRAM=79603MiB (reset idle counter)
Active: CPU=10.13% GPU=100% VRAM=79603MiB (reset idle counter)
Active: CPU=11.10% GPU=100% VRAM=79603MiB (reset idle counter)
Active: CPU=10.13% GPU=100% VRAM=79603MiB (reset idle counter)
Active: CPU=10.35% GPU=100% VRAM=79603MiB (reset idle counter)
Active: CPU=10.28% GPU=100% VRAM=79603MiB (reset idle counter)
Active: CPU=10.11% GPU=100% VRAM=79603MiB (reset idle counter)
Active: CPU=10.39% GPU=100% VRAM=79603MiB (reset idle counter)
Active: CPU=12.61% GPU=100% VRAM=79603MiB (reset idle counter)
Active: CPU=13.47% GPU=100% VRAM=79603MiB (reset idle counter)
Active: CPU=9.75% GPU=100% VRAM=79603MiB (reset idle counter)
Active: CPU=8.44% GPU=100% VRAM=79603MiB (reset idle counter)
Active: CPU=7.50% GPU=100% VRAM=79603MiB (reset idle counter)
Active: CPU=7.55% GPU=100% VRAM=79603MiB (reset idle counter)
Active: CPU=7.18% GPU=100% VRAM=79603MiB (reset idle counter)
Active: CPU=7.50% GPU=100% VRAM=79603MiB (reset idle counter)
Active: CPU=7.51% GPU=100% VRAM=79603MiB (reset idle counter)
Active: CPU=7.21% GPU=100% VRAM=79603MiB (reset idle counter)
Active: CPU=9.71% GPU=100% VRAM=79603MiB (reset idle counter)
Active: CPU=9.22% GPU=100% VRAM=79603MiB (reset idle counter)
Active: CPU=10.55% GPU=100% VRAM=79603MiB (reset idle counter)
Active: CPU=10.58% GPU=100% VRAM=79603MiB (reset idle counter)
Active: CPU=8.74% GPU=100% VRAM=79603MiB (reset idle counter)
Active: CPU=9.12% GPU=100% VRAM=79603MiB (reset idle counter)
Active: CPU=9.54% GPU=100% VRAM=79603MiB (reset idle counter)
Active: CPU=9.11% GPU=100% VRAM=79603MiB (reset idle counter)
Active: CPU=9.83% GPU=100% VRAM=79603MiB (reset idle counter)
Active: CPU=10.00% GPU=100% VRAM=79603MiB (reset idle counter)
Active: CPU=9.95% GPU=100% VRAM=79603MiB (reset idle counter)
Active: CPU=9.60% GPU=100% VRAM=79603MiB (reset idle counter)
Active: CPU=10.07% GPU=100% VRAM=79603MiB (reset idle counter)
Active: CPU=8.81% GPU=100% VRAM=79603MiB (reset idle counter)
Active: CPU=9.39% GPU=100% VRAM=79603MiB (reset idle counter)
Active: CPU=9.07% GPU=100% VRAM=79603MiB (reset idle counter)
Active: CPU=9.60% GPU=100% VRAM=79603MiB (reset idle counter)
Active: CPU=9.52% GPU=100% VRAM=79603MiB (reset idle counter)
Active: CPU=9.15% GPU=100% VRAM=79603MiB (reset idle counter)
Active: CPU=10.02% GPU=100% VRAM=79603MiB (reset idle counter)
Active: CPU=9.79% GPU=100% VRAM=79603MiB (reset idle counter)
Active: CPU=8.79% GPU=100% VRAM=79603MiB (reset idle counter)
Active: CPU=10.17% GPU=100% VRAM=79603MiB (reset idle counter)
Active: CPU=9.88% GPU=100% VRAM=79603MiB (reset idle counter)
Active: CPU=9.95% GPU=100% VRAM=79603MiB (reset idle counter)
Active: CPU=9.42% GPU=100% VRAM=79603MiB (reset idle counter)
Active: CPU=10.13% GPU=100% VRAM=79603MiB (reset idle counter)
Active: CPU=9.52% GPU=100% VRAM=79603MiB (reset idle counter)
Active: CPU=9.20% GPU=100% VRAM=79603MiB (reset idle counter)
Active: CPU=10.49% GPU=100% VRAM=79603MiB (reset idle counter)
Active: CPU=9.52% GPU=100% VRAM=79603MiB (reset idle counter)
Active: CPU=8.35% GPU=100% VRAM=79603MiB (reset idle counter)
Active: CPU=10.48% GPU=100% VRAM=79603MiB (reset idle counter)
Active: CPU=9.36% GPU=100% VRAM=79603MiB (reset idle counter)
Active: CPU=9.40% GPU=100% VRAM=79603MiB (reset idle counter)
Active: CPU=9.50% GPU=100% VRAM=79603MiB (reset idle counter)
Active: CPU=9.10% GPU=100% VRAM=79603MiB (reset idle counter)
Active: CPU=9.45% GPU=100% VRAM=79603MiB (reset idle counter)
Active: CPU=9.45% GPU=100% VRAM=79603MiB (reset idle counter)
Active: CPU=9.08% GPU=100% VRAM=79603MiB (reset idle counter)
Active: CPU=9.54% GPU=100% VRAM=79603MiB (reset idle counter)
Active: CPU=8.63% GPU=100% VRAM=79603MiB (reset idle counter)
Active: CPU=7.74% GPU=100% VRAM=79603MiB (reset idle counter)
Active: CPU=7.71% GPU=100% VRAM=79603MiB (reset idle counter)
Active: CPU=7.09% GPU=100% VRAM=79603MiB (reset idle counter)
Active: CPU=7.50% GPU=100% VRAM=79603MiB (reset idle counter)
Active: CPU=7.48% GPU=100% VRAM=79603MiB (reset idle counter)
Active: CPU=6.41% GPU=100% VRAM=79603MiB (reset idle counter)
Active: CPU=6.69% GPU=100% VRAM=79603MiB (reset idle counter)
Active: CPU=6.32% GPU=100% VRAM=79603MiB (reset idle counter)
Active: CPU=8.06% GPU=100% VRAM=79603MiB (reset idle counter)
Active: CPU=11.58% GPU=100% VRAM=79603MiB (reset idle counter)
Active: CPU=9.94% GPU=100% VRAM=79603MiB (reset idle counter)
Active: CPU=7.50% GPU=100% VRAM=79603MiB (reset idle counter)
Active: CPU=6.39% GPU=100% VRAM=79603MiB (reset idle counter)
Active: CPU=8.31% GPU=100% VRAM=79603MiB (reset idle counter)
Active: CPU=9.55% GPU=100% VRAM=79603MiB (reset idle counter)
Active: CPU=8.80% GPU=100% VRAM=79603MiB (reset idle counter)
Active: CPU=9.67% GPU=100% VRAM=79603MiB (reset idle counter)
Active: CPU=10.59% GPU=100% VRAM=79603MiB (reset idle counter)
Active: CPU=8.58% GPU=100% VRAM=79603MiB (reset idle counter)
Active: CPU=9.98% GPU=100% VRAM=79603MiB (reset idle counter)
Active: CPU=7.66% GPU=100% VRAM=79603MiB (reset idle counter)
Active: CPU=8.44% GPU=100% VRAM=79603MiB (reset idle counter)
Active: CPU=6.58% GPU=100% VRAM=79603MiB (reset idle counter)
Active: CPU=7.29% GPU=100% VRAM=79603MiB (reset idle counter)
Active: CPU=8.05% GPU=100% VRAM=79603MiB (reset idle counter)
Active: CPU=6.49% GPU=100% VRAM=79603MiB (reset idle counter)
Active: CPU=7.35% GPU=100% VRAM=79603MiB (reset idle counter)
Active: CPU=8.46% GPU=100% VRAM=79603MiB (reset idle counter)
Active: CPU=8.37% GPU=100% VRAM=79603MiB (reset idle counter)
Active: CPU=8.50% GPU=100% VRAM=79603MiB (reset idle counter)
Active: CPU=8.66% GPU=100% VRAM=79603MiB (reset idle counter)
Active: CPU=8.47% GPU=100% VRAM=79603MiB (reset idle counter)
Active: CPU=8.52% GPU=100% VRAM=79603MiB (reset idle counter)
Active: CPU=6.96% GPU=100% VRAM=79603MiB (reset idle counter)
Active: CPU=8.36% GPU=100% VRAM=79603MiB (reset idle counter)
Active: CPU=8.35% GPU=100% VRAM=79603MiB (reset idle counter)
Active: CPU=8.49% GPU=100% VRAM=79603MiB (reset idle counter)
Active: CPU=7.04% GPU=100% VRAM=79603MiB (reset idle counter)
Active: CPU=7.38% GPU=100% VRAM=79603MiB (reset idle counter)
Active: CPU=8.39% GPU=100% VRAM=79603MiB (reset idle counter)
Active: CPU=8.54% GPU=100% VRAM=79603MiB (reset idle counter)
Active: CPU=8.71% GPU=100% VRAM=79603MiB (reset idle counter)
Active: CPU=7.01% GPU=100% VRAM=79603MiB (reset idle counter)
Active: CPU=8.56% GPU=100% VRAM=79603MiB (reset idle counter)
Active: CPU=7.34% GPU=100% VRAM=79603MiB (reset idle counter)
Active: CPU=6.84% GPU=100% VRAM=79603MiB (reset idle counter)
Active: CPU=15.06% GPU=100% VRAM=79603MiB (reset idle counter)
Active: CPU=9.26% GPU=100% VRAM=79603MiB (reset idle counter)
Active: CPU=9.23% GPU=100% VRAM=79603MiB (reset idle counter)
Active: CPU=8.03% GPU=100% VRAM=79603MiB (reset idle counter)
Active: CPU=7.49% GPU=100% VRAM=79603MiB (reset idle counter)
Active: CPU=8.47% GPU=100% VRAM=79603MiB (reset idle counter)
Active: CPU=8.44% GPU=100% VRAM=79603MiB (reset idle counter)
Active: CPU=8.55% GPU=100% VRAM=79603MiB (reset idle counter)
Active: CPU=7.73% GPU=100% VRAM=79603MiB (reset idle counter)
Active: CPU=9.04% GPU=100% VRAM=79603MiB (reset idle counter)
Active: CPU=9.02% GPU=100% VRAM=79603MiB (reset idle counter)
Active: CPU=7.45% GPU=100% VRAM=79603MiB (reset idle counter)
Active: CPU=9.24% GPU=100% VRAM=79603MiB (reset idle counter)
Active: CPU=9.12% GPU=100% VRAM=79603MiB (reset idle counter)
Active: CPU=9.23% GPU=100% VRAM=79603MiB (reset idle counter)
Active: CPU=7.66% GPU=100% VRAM=79603MiB (reset idle counter)
Active: CPU=9.41% GPU=100% VRAM=79603MiB (reset idle counter)
Active: CPU=9.21% GPU=100% VRAM=79603MiB (reset idle counter)
Active: CPU=7.24% GPU=100% VRAM=79603MiB (reset idle counter)
Active: CPU=9.12% GPU=100% VRAM=79603MiB (reset idle counter)
Active: CPU=9.30% GPU=100% VRAM=79603MiB (reset idle counter)
Active: CPU=7.76% GPU=100% VRAM=79603MiB (reset idle counter)
Active: CPU=8.48% GPU=100% VRAM=79603MiB (reset idle counter)
Active: CPU=7.70% GPU=100% VRAM=79603MiB (reset idle counter)
Active: CPU=7.95% GPU=100% VRAM=79603MiB (reset idle counter)
Active: CPU=9.44% GPU=100% VRAM=79603MiB (reset idle counter)
Active: CPU=8.46% GPU=100% VRAM=79603MiB (reset idle counter)
Active: CPU=9.76% GPU=100% VRAM=79603MiB (reset idle counter)
Active: CPU=7.94% GPU=100% VRAM=79603MiB (reset idle counter)
Active: CPU=7.21% GPU=100% VRAM=79603MiB (reset idle counter)
Active: CPU=8.31% GPU=100% VRAM=79603MiB (reset idle counter)
Active: CPU=7.32% GPU=100% VRAM=79603MiB (reset idle counter)
Active: CPU=7.50% GPU=100% VRAM=79603MiB (reset idle counter)
Active: CPU=7.04% GPU=100% VRAM=79603MiB (reset idle counter)
Active: CPU=8.63% GPU=100% VRAM=79603MiB (reset idle counter)
Active: CPU=7.61% GPU=100% VRAM=79603MiB (reset idle counter)
Active: CPU=7.13% GPU=100% VRAM=79603MiB (reset idle counter)
Active: CPU=6.98% GPU=100% VRAM=79603MiB (reset idle counter)
Active: CPU=8.50% GPU=100% VRAM=79603MiB (reset idle counter)
Active: CPU=8.25% GPU=100% VRAM=79603MiB (reset idle counter)
Active: CPU=7.31% GPU=100% VRAM=79603MiB (reset idle counter)
Active: CPU=8.44% GPU=100% VRAM=79603MiB (reset idle counter)
Active: CPU=7.14% GPU=100% VRAM=79603MiB (reset idle counter)
Active: CPU=8.72% GPU=100% VRAM=79603MiB (reset idle counter)
Active: CPU=7.53% GPU=100% VRAM=79603MiB (reset idle counter)
Active: CPU=7.84% GPU=100% VRAM=79603MiB (reset idle counter)
Active: CPU=8.28% GPU=100% VRAM=79603MiB (reset idle counter)
Active: CPU=7.77% GPU=100% VRAM=79603MiB (reset idle counter)
Active: CPU=6.43% GPU=100% VRAM=79603MiB (reset idle counter)
Active: CPU=6.67% GPU=100% VRAM=79603MiB (reset idle counter)
Active: CPU=7.70% GPU=4% VRAM=61431MiB (reset idle counter)
Active: CPU=6.65% GPU=100% VRAM=75661MiB (reset idle counter)
Idle sample (1/15): CPU=5.51% GPU=0% VRAM=0MiB
Idle sample (2/15): CPU=5.81% GPU=0% VRAM=0MiB
Idle sample (3/15): CPU=6.28% GPU=0% VRAM=0MiB
Idle sample (4/15): CPU=6.24% GPU=0% VRAM=0MiB
Idle sample (5/15): CPU=7.31% GPU=0% VRAM=0MiB
Idle sample (6/15): CPU=6.17% GPU=0% VRAM=0MiB
Idle sample (7/15): CPU=6.45% GPU=0% VRAM=0MiB
Idle sample (8/15): CPU=7.50% GPU=0% VRAM=0MiB
Idle sample (9/15): CPU=5.90% GPU=0% VRAM=0MiB
Idle sample (10/15): CPU=5.95% GPU=0% VRAM=0MiB
Idle sample (11/15): CPU=5.57% GPU=0% VRAM=0MiB
Idle sample (12/15): CPU=3.14% GPU=0% VRAM=0MiB
Idle sample (13/15): CPU=5.54% GPU=0% VRAM=0MiB
Idle sample (14/15): CPU=5.89% GPU=0% VRAM=0MiB
Idle sample (15/15): CPU=5.66% GPU=0% VRAM=0MiB
Idle for 15 minute(s). Stopping pod 5xdxvt7ewwwedg...
curl: (22) The requested URL returned error: 403
Starting auto_stop_on_idle (lock acquired)...
Idle watchdog started: IDLE_MINUTES=15 SAMPLE_SECS=60
Thresholds: GPU util<=5% GPU mem<=1024 MiB CPU util<=15.0%
Idle sample (1/15): CPU=2.55% GPU=0% VRAM=0MiB
Idle sample (2/15): CPU=2.47% GPU=0% VRAM=0MiB
Idle sample (3/15): CPU=2.34% GPU=0% VRAM=0MiB
Idle sample (4/15): CPU=2.22% GPU=0% VRAM=0MiB
Idle sample (5/15): CPU=2.25% GPU=0% VRAM=0MiB
Idle sample (6/15): CPU=2.24% GPU=0% VRAM=0MiB
Idle sample (7/15): CPU=2.24% GPU=0% VRAM=0MiB
Idle sample (8/15): CPU=2.24% GPU=0% VRAM=0MiB
Idle sample (9/15): CPU=2.92% GPU=0% VRAM=425MiB
Active: CPU=3.25% GPU=4% VRAM=63141MiB (reset idle counter)
Active: CPU=3.44% GPU=0% VRAM=63281MiB (reset idle counter)
Idle sample (1/15): CPU=3.15% GPU=0% VRAM=0MiB
Active: CPU=2.94% GPU=100% VRAM=74765MiB (reset idle counter)
Active: CPU=3.01% GPU=100% VRAM=72109MiB (reset idle counter)
Active: CPU=2.95% GPU=100% VRAM=74765MiB (reset idle counter)
Active: CPU=3.07% GPU=100% VRAM=72023MiB (reset idle counter)
Active: CPU=2.99% GPU=99% VRAM=65861MiB (reset idle counter)
Active: CPU=3.01% GPU=100% VRAM=71983MiB (reset idle counter)
Active: CPU=2.97% GPU=100% VRAM=72025MiB (reset idle counter)
Active: CPU=2.98% GPU=100% VRAM=66699MiB (reset idle counter)
Active: CPU=3.28% GPU=100% VRAM=77749MiB (reset idle counter)
Active: CPU=3.16% GPU=100% VRAM=72031MiB (reset idle counter)
Active: CPU=3.07% GPU=100% VRAM=65871MiB (reset idle counter)
Active: CPU=3.42% GPU=100% VRAM=74875MiB (reset idle counter)
Active: CPU=3.08% GPU=100% VRAM=72059MiB (reset idle counter)
Active: CPU=3.09% GPU=100% VRAM=74833MiB (reset idle counter)
Active: CPU=3.05% GPU=100% VRAM=74847MiB (reset idle counter)
Active: CPU=9.76% GPU=100% VRAM=72209MiB (reset idle counter)
Active: CPU=49.36% GPU=100% VRAM=72293MiB (reset idle counter)
Active: CPU=2.03% GPU=100% VRAM=75045MiB (reset idle counter)
Active: CPU=2.35% GPU=100% VRAM=74907MiB (reset idle counter)
Active: CPU=2.19% GPU=100% VRAM=74987MiB (reset idle counter)
Active: CPU=2.05% GPU=100% VRAM=72067MiB (reset idle counter)
Active: CPU=2.03% GPU=97% VRAM=74863MiB (reset idle counter)
Active: CPU=2.04% GPU=100% VRAM=74829MiB (reset idle counter)
Active: CPU=2.04% GPU=0% VRAM=65735MiB (reset idle counter)
Active: CPU=2.03% GPU=100% VRAM=74765MiB (reset idle counter)
Active: CPU=2.11% GPU=91% VRAM=71987MiB (reset idle counter)
Active: CPU=2.06% GPU=100% VRAM=74723MiB (reset idle counter)
Active: CPU=2.05% GPU=100% VRAM=74063MiB (reset idle counter)
Active: CPU=2.28% GPU=100% VRAM=71341MiB (reset idle counter)
Active: CPU=2.23% GPU=100% VRAM=74823MiB (reset idle counter)
Active: CPU=2.04% GPU=100% VRAM=75013MiB (reset idle counter)
Active: CPU=2.05% GPU=100% VRAM=74873MiB (reset idle counter)
Active: CPU=2.04% GPU=92% VRAM=74811MiB (reset idle counter)
Active: CPU=2.06% GPU=100% VRAM=72041MiB (reset idle counter)
Active: CPU=2.01% GPU=100% VRAM=74983MiB (reset idle counter)
Active: CPU=3.48% GPU=100% VRAM=72233MiB (reset idle counter)
Active: CPU=3.55% GPU=99% VRAM=65871MiB (reset idle counter)
Active: CPU=2.96% GPU=100% VRAM=72317MiB (reset idle counter)
Active: CPU=2.29% GPU=100% VRAM=72267MiB (reset idle counter)
Active: CPU=2.23% GPU=100% VRAM=72057MiB (reset idle counter)
Active: CPU=2.05% GPU=100% VRAM=67239MiB (reset idle counter)
Active: CPU=2.31% GPU=100% VRAM=74849MiB (reset idle counter)
Active: CPU=2.04% GPU=100% VRAM=75051MiB (reset idle counter)
Active: CPU=2.04% GPU=100% VRAM=75087MiB (reset idle counter)
Active: CPU=2.05% GPU=100% VRAM=75093MiB (reset idle counter)
Active: CPU=2.04% GPU=100% VRAM=72195MiB (reset idle counter)
Active: CPU=2.05% GPU=100% VRAM=74973MiB (reset idle counter)
Active: CPU=2.04% GPU=100% VRAM=71975MiB (reset idle counter)
Active: CPU=2.28% GPU=100% VRAM=74903MiB (reset idle counter)
Active: CPU=2.23% GPU=100% VRAM=72031MiB (reset idle counter)
Active: CPU=2.03% GPU=100% VRAM=72077MiB (reset idle counter)
Active: CPU=2.05% GPU=100% VRAM=74829MiB (reset idle counter)
Active: CPU=2.03% GPU=93% VRAM=72013MiB (reset idle counter)
Active: CPU=2.02% GPU=100% VRAM=74803MiB (reset idle counter)
Active: CPU=2.03% GPU=100% VRAM=74875MiB (reset idle counter)
Active: CPU=2.04% GPU=100% VRAM=66289MiB (reset idle counter)
Active: CPU=2.07% GPU=100% VRAM=74933MiB (reset idle counter)
Active: CPU=2.04% GPU=100% VRAM=74925MiB (reset idle counter)
Active: CPU=2.32% GPU=100% VRAM=66563MiB (reset idle counter)
Active: CPU=2.22% GPU=100% VRAM=75087MiB (reset idle counter)
Active: CPU=2.03% GPU=100% VRAM=72031MiB (reset idle counter)
Active: CPU=2.03% GPU=100% VRAM=72059MiB (reset idle counter)
Active: CPU=2.05% GPU=100% VRAM=71953MiB (reset idle counter)
Active: CPU=2.06% GPU=100% VRAM=72057MiB (reset idle counter)
Active: CPU=2.02% GPU=100% VRAM=74785MiB (reset idle counter)
Active: CPU=2.03% GPU=91% VRAM=71997MiB (reset idle counter)
Active: CPU=2.02% GPU=100% VRAM=72119MiB (reset idle counter)
Active: CPU=2.04% GPU=100% VRAM=72005MiB (reset idle counter)
Active: CPU=2.26% GPU=100% VRAM=74887MiB (reset idle counter)
Active: CPU=2.22% GPU=98% VRAM=65851MiB (reset idle counter)
Active: CPU=2.03% GPU=100% VRAM=75065MiB (reset idle counter)
Active: CPU=2.30% GPU=100% VRAM=71937MiB (reset idle counter)
Active: CPU=2.05% GPU=100% VRAM=74793MiB (reset idle counter)
Active: CPU=2.03% GPU=100% VRAM=74757MiB (reset idle counter)
Active: CPU=2.04% GPU=100% VRAM=67335MiB (reset idle counter)
Active: CPU=2.05% GPU=100% VRAM=77711MiB (reset idle counter)
Active: CPU=2.02% GPU=100% VRAM=71941MiB (reset idle counter)
Active: CPU=2.03% GPU=100% VRAM=72027MiB (reset idle counter)
Active: CPU=2.27% GPU=100% VRAM=72225MiB (reset idle counter)
Active: CPU=2.25% GPU=99% VRAM=65927MiB (reset idle counter)
Active: CPU=2.02% GPU=100% VRAM=74795MiB (reset idle counter)
Active: CPU=2.04% GPU=100% VRAM=74891MiB (reset idle counter)
Active: CPU=2.06% GPU=100% VRAM=77737MiB (reset idle counter)
Active: CPU=2.02% GPU=100% VRAM=75011MiB (reset idle counter)
Active: CPU=2.05% GPU=100% VRAM=71959MiB (reset idle counter)
Active: CPU=2.04% GPU=100% VRAM=74867MiB (reset idle counter)
Active: CPU=2.05% GPU=100% VRAM=71993MiB (reset idle counter)
Active: CPU=2.04% GPU=98% VRAM=65911MiB (reset idle counter)
Active: CPU=2.26% GPU=100% VRAM=74843MiB (reset idle counter)
Active: CPU=2.20% GPU=100% VRAM=72283MiB (reset idle counter)
Active: CPU=2.05% GPU=100% VRAM=74955MiB (reset idle counter)
Active: CPU=2.04% GPU=100% VRAM=72089MiB (reset idle counter)
Active: CPU=2.00% GPU=100% VRAM=66099MiB (reset idle counter)
Active: CPU=2.06% GPU=100% VRAM=72059MiB (reset idle counter)
Active: CPU=2.02% GPU=100% VRAM=72153MiB (reset idle counter)
Active: CPU=2.04% GPU=100% VRAM=74815MiB (reset idle counter)
Active: CPU=2.04% GPU=100% VRAM=74833MiB (reset idle counter)
Active: CPU=2.04% GPU=100% VRAM=71969MiB (reset idle counter)
Active: CPU=2.27% GPU=100% VRAM=75141MiB (reset idle counter)
Active: CPU=2.21% GPU=100% VRAM=71993MiB (reset idle counter)
Active: CPU=4.07% GPU=100% VRAM=74991MiB (reset idle counter)
Active: CPU=3.65% GPU=91% VRAM=77843MiB (reset idle counter)
Active: CPU=3.91% GPU=100% VRAM=66855MiB (reset idle counter)
Active: CPU=4.06% GPU=100% VRAM=77817MiB (reset idle counter)
Active: CPU=3.99% GPU=100% VRAM=72107MiB (reset idle counter)
Active: CPU=3.96% GPU=100% VRAM=66109MiB (reset idle counter)
Active: CPU=3.95% GPU=100% VRAM=72011MiB (reset idle counter)
Active: CPU=3.98% GPU=100% VRAM=72021MiB (reset idle counter)
Active: CPU=2.27% GPU=100% VRAM=72021MiB (reset idle counter)
Active: CPU=2.25% GPU=90% VRAM=72053MiB (reset idle counter)
Active: CPU=2.04% GPU=100% VRAM=80621MiB (reset idle counter)
Active: CPU=2.02% GPU=90% VRAM=74887MiB (reset idle counter)
Active: CPU=2.09% GPU=100% VRAM=71993MiB (reset idle counter)
Active: CPU=2.82% GPU=100% VRAM=74981MiB (reset idle counter)
Idle sample (1/15): CPU=1.37% GPU=0% VRAM=0MiB
Idle sample (2/15): CPU=1.91% GPU=0% VRAM=0MiB
Idle sample (3/15): CPU=2.25% GPU=0% VRAM=0MiB
Active: CPU=3.86% GPU=4% VRAM=63141MiB (reset idle counter)
Active: CPU=3.67% GPU=0% VRAM=63101MiB (reset idle counter)
Active: CPU=2.70% GPU=100% VRAM=72191MiB (reset idle counter)
Active: CPU=2.05% GPU=100% VRAM=71987MiB (reset idle counter)
Active: CPU=2.07% GPU=100% VRAM=74785MiB (reset idle counter)
Active: CPU=2.11% GPU=100% VRAM=65847MiB (reset idle counter)
Active: CPU=2.07% GPU=100% VRAM=72295MiB (reset idle counter)
Active: CPU=2.19% GPU=100% VRAM=67037MiB (reset idle counter)
Active: CPU=2.13% GPU=100% VRAM=74933MiB (reset idle counter)
Active: CPU=2.93% GPU=100% VRAM=72109MiB (reset idle counter)
Active: CPU=2.93% GPU=100% VRAM=72159MiB (reset idle counter)
Active: CPU=3.40% GPU=99% VRAM=65881MiB (reset idle counter)
Active: CPU=3.24% GPU=100% VRAM=74787MiB (reset idle counter)
Active: CPU=2.63% GPU=100% VRAM=74891MiB (reset idle counter)
Active: CPU=3.28% GPU=100% VRAM=74967MiB (reset idle counter)
Active: CPU=4.40% GPU=100% VRAM=74829MiB (reset idle counter)
Active: CPU=5.27% GPU=99% VRAM=72069MiB (reset idle counter)
Active: CPU=4.48% GPU=100% VRAM=74937MiB (reset idle counter)
Active: CPU=4.36% GPU=100% VRAM=72069MiB (reset idle counter)
Active: CPU=4.31% GPU=100% VRAM=65921MiB (reset idle counter)
Active: CPU=4.21% GPU=100% VRAM=74855MiB (reset idle counter)
Active: CPU=4.39% GPU=100% VRAM=72059MiB (reset idle counter)
Active: CPU=4.87% GPU=100% VRAM=71953MiB (reset idle counter)
Active: CPU=6.01% GPU=100% VRAM=71993MiB (reset idle counter)
Active: CPU=4.43% GPU=100% VRAM=80347MiB (reset idle counter)
Active: CPU=2.18% GPU=100% VRAM=75019MiB (reset idle counter)
Active: CPU=2.16% GPU=0% VRAM=65867MiB (reset idle counter)
Active: CPU=2.16% GPU=100% VRAM=77673MiB (reset idle counter)
Active: CPU=2.17% GPU=100% VRAM=72055MiB (reset idle counter)
Active: CPU=2.15% GPU=100% VRAM=77647MiB (reset idle counter)
Active: CPU=2.17% GPU=91% VRAM=75035MiB (reset idle counter)
Active: CPU=2.40% GPU=0% VRAM=65879MiB (reset idle counter)
Active: CPU=2.34% GPU=100% VRAM=75013MiB (reset idle counter)
Active: CPU=2.18% GPU=0% VRAM=65869MiB (reset idle counter)
Active: CPU=2.18% GPU=100% VRAM=75047MiB (reset idle counter)
Active: CPU=2.15% GPU=100% VRAM=72091MiB (reset idle counter)
Active: CPU=2.14% GPU=90% VRAM=75013MiB (reset idle counter)
Active: CPU=2.15% GPU=100% VRAM=72109MiB (reset idle counter)
Active: CPU=2.19% GPU=100% VRAM=72081MiB (reset idle counter)
Active: CPU=2.15% GPU=81% VRAM=74929MiB (reset idle counter)
Active: CPU=2.19% GPU=32% VRAM=65909MiB (reset idle counter)
Active: CPU=2.35% GPU=100% VRAM=74927MiB (reset idle counter)
Active: CPU=2.35% GPU=100% VRAM=75085MiB (reset idle counter)
Active: CPU=2.20% GPU=100% VRAM=71979MiB (reset idle counter)
Active: CPU=2.17% GPU=0% VRAM=71493MiB (reset idle counter)
Active: CPU=2.97% GPU=100% VRAM=72267MiB (reset idle counter)
Active: CPU=2.98% GPU=100% VRAM=74857MiB (reset idle counter)
Active: CPU=4.29% GPU=100% VRAM=74795MiB (reset idle counter)
Active: CPU=4.34% GPU=100% VRAM=72145MiB (reset idle counter)
Active: CPU=3.63% GPU=100% VRAM=75019MiB (reset idle counter)
Active: CPU=3.83% GPU=100% VRAM=72195MiB (reset idle counter)
Active: CPU=3.81% GPU=100% VRAM=72347MiB (reset idle counter)
Active: CPU=3.81% GPU=100% VRAM=71997MiB (reset idle counter)
Active: CPU=3.68% GPU=100% VRAM=69495MiB (reset idle counter)
Active: CPU=3.69% GPU=100% VRAM=67213MiB (reset idle counter)
Active: CPU=3.58% GPU=100% VRAM=72099MiB (reset idle counter)
Active: CPU=3.96% GPU=89% VRAM=74881MiB (reset idle counter)
Active: CPU=5.12% GPU=100% VRAM=67859MiB (reset idle counter)
Active: CPU=5.13% GPU=100% VRAM=74829MiB (reset idle counter)
Active: CPU=5.04% GPU=100% VRAM=72153MiB (reset idle counter)
Active: CPU=5.04% GPU=100% VRAM=66361MiB (reset idle counter)
Active: CPU=5.43% GPU=100% VRAM=74801MiB (reset idle counter)
Active: CPU=5.26% GPU=100% VRAM=67663MiB (reset idle counter)
Active: CPU=4.95% GPU=100% VRAM=74889MiB (reset idle counter)
Active: CPU=4.87% GPU=100% VRAM=72165MiB (reset idle counter)
Active: CPU=5.13% GPU=100% VRAM=75109MiB (reset idle counter)
Active: CPU=5.23% GPU=100% VRAM=72033MiB (reset idle counter)
Active: CPU=5.14% GPU=100% VRAM=66967MiB (reset idle counter)
Active: CPU=4.84% GPU=90% VRAM=71987MiB (reset idle counter)
Active: CPU=5.01% GPU=100% VRAM=75193MiB (reset idle counter)
Active: CPU=5.31% GPU=100% VRAM=72033MiB (reset idle counter)
Active: CPU=5.29% GPU=90% VRAM=74933MiB (reset idle counter)
Active: CPU=5.11% GPU=100% VRAM=71965MiB (reset idle counter)
Active: CPU=5.15% GPU=0% VRAM=63029MiB (reset idle counter)
Active: CPU=5.00% GPU=100% VRAM=72015MiB (reset idle counter)
Active: CPU=5.20% GPU=100% VRAM=72015MiB (reset idle counter)
Active: CPU=4.85% GPU=100% VRAM=74861MiB (reset idle counter)
Active: CPU=4.92% GPU=100% VRAM=72077MiB (reset idle counter)
Active: CPU=4.93% GPU=100% VRAM=66967MiB (reset idle counter)
Active: CPU=4.76% GPU=100% VRAM=72073MiB (reset idle counter)
Active: CPU=5.02% GPU=100% VRAM=75063MiB (reset idle counter)
Active: CPU=5.21% GPU=100% VRAM=74981MiB (reset idle counter)
Active: CPU=5.31% GPU=90% VRAM=74987MiB (reset idle counter)
Active: CPU=5.03% GPU=100% VRAM=71989MiB (reset idle counter)
Active: CPU=4.85% GPU=100% VRAM=65881MiB (reset idle counter)
Active: CPU=5.31% GPU=100% VRAM=74873MiB (reset idle counter)
Active: CPU=6.15% GPU=91% VRAM=72011MiB (reset idle counter)
Active: CPU=5.77% GPU=100% VRAM=77779MiB (reset idle counter)
Active: CPU=7.62% GPU=100% VRAM=72121MiB (reset idle counter)
Active: CPU=7.68% GPU=100% VRAM=72217MiB (reset idle counter)
Active: CPU=6.03% GPU=100% VRAM=72119MiB (reset idle counter)
Active: CPU=6.66% GPU=100% VRAM=75049MiB (reset idle counter)
Active: CPU=6.60% GPU=100% VRAM=72037MiB (reset idle counter)
Active: CPU=5.35% GPU=100% VRAM=74967MiB (reset idle counter)
Active: CPU=5.74% GPU=100% VRAM=74811MiB (reset idle counter)
Active: CPU=7.74% GPU=100% VRAM=72093MiB (reset idle counter)
Active: CPU=7.18% GPU=100% VRAM=74871MiB (reset idle counter)
Active: CPU=6.96% GPU=95% VRAM=71489MiB (reset idle counter)
Active: CPU=8.39% GPU=100% VRAM=71979MiB (reset idle counter)
Active: CPU=9.65% GPU=100% VRAM=72035MiB (reset idle counter)
Active: CPU=9.38% GPU=100% VRAM=75049MiB (reset idle counter)
Active: CPU=7.74% GPU=99% VRAM=65871MiB (reset idle counter)
Active: CPU=8.52% GPU=100% VRAM=74865MiB (reset idle counter)
Active: CPU=8.83% GPU=88% VRAM=71971MiB (reset idle counter)
Active: CPU=7.13% GPU=100% VRAM=67865MiB (reset idle counter)
Active: CPU=7.10% GPU=91% VRAM=74889MiB (reset idle counter)
Active: CPU=6.41% GPU=100% VRAM=71941MiB (reset idle counter)
Active: CPU=6.42% GPU=100% VRAM=67401MiB (reset idle counter)
Active: CPU=8.50% GPU=92% VRAM=71973MiB (reset idle counter)
Active: CPU=8.89% GPU=100% VRAM=72291MiB (reset idle counter)
Active: CPU=8.14% GPU=100% VRAM=72607MiB (reset idle counter)
Active: CPU=7.82% GPU=100% VRAM=75275MiB (reset idle counter)
Active: CPU=7.03% GPU=100% VRAM=66807MiB (reset idle counter)
Active: CPU=6.85% GPU=100% VRAM=74999MiB (reset idle counter)
Active: CPU=7.35% GPU=100% VRAM=72009MiB (reset idle counter)
Active: CPU=7.41% GPU=100% VRAM=65901MiB (reset idle counter)
Active: CPU=6.56% GPU=100% VRAM=71983MiB (reset idle counter)
Active: CPU=6.42% GPU=90% VRAM=72043MiB (reset idle counter)
Active: CPU=17.45% GPU=100% VRAM=74851MiB (reset idle counter)
Active: CPU=16.34% GPU=100% VRAM=72001MiB (reset idle counter)
Active: CPU=5.29% GPU=100% VRAM=72225MiB (reset idle counter)
Active: CPU=8.61% GPU=100% VRAM=72061MiB (reset idle counter)
Active: CPU=5.25% GPU=90% VRAM=74831MiB (reset idle counter)
Active: CPU=5.08% GPU=100% VRAM=71975MiB (reset idle counter)
Active: CPU=7.02% GPU=100% VRAM=75005MiB (reset idle counter)
Active: CPU=12.19% GPU=100% VRAM=74857MiB (reset idle counter)
Active: CPU=6.28% GPU=100% VRAM=66519MiB (reset idle counter)
Active: CPU=7.42% GPU=100% VRAM=74833MiB (reset idle counter)
Active: CPU=5.05% GPU=90% VRAM=72077MiB (reset idle counter)
Active: CPU=5.06% GPU=100% VRAM=74803MiB (reset idle counter)
Active: CPU=7.48% GPU=100% VRAM=74863MiB (reset idle counter)
Active: CPU=7.85% GPU=100% VRAM=71993MiB (reset idle counter)
Active: CPU=5.23% GPU=100% VRAM=74983MiB (reset idle counter)
Active: CPU=9.57% GPU=90% VRAM=75039MiB (reset idle counter)
Active: CPU=10.48% GPU=100% VRAM=67417MiB (reset idle counter)
Active: CPU=13.98% GPU=100% VRAM=75183MiB (reset idle counter)
Active: CPU=7.90% GPU=100% VRAM=71963MiB (reset idle counter)
Active: CPU=7.32% GPU=100% VRAM=74881MiB (reset idle counter)
Active: CPU=11.50% GPU=100% VRAM=74737MiB (reset idle counter)
Active: CPU=5.15% GPU=100% VRAM=72023MiB (reset idle counter)
Active: CPU=7.47% GPU=100% VRAM=74471MiB (reset idle counter)
Active: CPU=9.86% GPU=100% VRAM=73819MiB (reset idle counter)
Active: CPU=8.29% GPU=94% VRAM=70703MiB (reset idle counter)
Active: CPU=5.00% GPU=100% VRAM=71973MiB (reset idle counter)
Active: CPU=5.25% GPU=100% VRAM=75007MiB (reset idle counter)
Active: CPU=4.98% GPU=100% VRAM=71943MiB (reset idle counter)
Active: CPU=5.15% GPU=100% VRAM=66577MiB (reset idle counter)
Active: CPU=5.04% GPU=100% VRAM=74901MiB (reset idle counter)
Active: CPU=5.24% GPU=100% VRAM=72147MiB (reset idle counter)
Active: CPU=4.97% GPU=100% VRAM=74859MiB (reset idle counter)
Active: CPU=5.08% GPU=100% VRAM=74847MiB (reset idle counter)
Active: CPU=5.16% GPU=100% VRAM=72069MiB (reset idle counter)
Active: CPU=5.14% GPU=100% VRAM=74843MiB (reset idle counter)
Active: CPU=5.25% GPU=100% VRAM=74859MiB (reset idle counter)
Active: CPU=7.27% GPU=100% VRAM=72013MiB (reset idle counter)
Active: CPU=11.90% GPU=100% VRAM=75025MiB (reset idle counter)
Active: CPU=6.79% GPU=100% VRAM=75007MiB (reset idle counter)
Active: CPU=5.01% GPU=100% VRAM=66815MiB (reset idle counter)
Active: CPU=8.74% GPU=100% VRAM=77809MiB (reset idle counter)
Active: CPU=5.04% GPU=100% VRAM=72025MiB (reset idle counter)
Active: CPU=5.22% GPU=100% VRAM=71981MiB (reset idle counter)
Active: CPU=5.50% GPU=90% VRAM=71995MiB (reset idle counter)
Active: CPU=5.31% GPU=100% VRAM=72009MiB (reset idle counter)
Active: CPU=5.25% GPU=90% VRAM=72067MiB (reset idle counter)
Active: CPU=9.59% GPU=100% VRAM=74933MiB (reset idle counter)
Active: CPU=5.44% GPU=89% VRAM=71965MiB (reset idle counter)
Active: CPU=7.34% GPU=0% VRAM=75005MiB (reset idle counter)
Active: CPU=9.77% GPU=100% VRAM=71975MiB (reset idle counter)
Active: CPU=5.10% GPU=100% VRAM=67891MiB (reset idle counter)
Active: CPU=5.78% GPU=89% VRAM=74811MiB (reset idle counter)
Active: CPU=6.21% GPU=100% VRAM=72159MiB (reset idle counter)
Active: CPU=10.13% GPU=100% VRAM=65881MiB (reset idle counter)
Active: CPU=6.21% GPU=100% VRAM=72073MiB (reset idle counter)
Active: CPU=5.79% GPU=100% VRAM=74887MiB (reset idle counter)
Active: CPU=10.84% GPU=100% VRAM=74981MiB (reset idle counter)
Active: CPU=5.62% GPU=100% VRAM=74899MiB (reset idle counter)
Active: CPU=6.00% GPU=100% VRAM=74795MiB (reset idle counter)
Active: CPU=6.02% GPU=98% VRAM=66113MiB (reset idle counter)
Active: CPU=5.74% GPU=100% VRAM=75005MiB (reset idle counter)
Active: CPU=9.60% GPU=100% VRAM=71935MiB (reset idle counter)
Active: CPU=5.93% GPU=100% VRAM=74913MiB (reset idle counter)
Active: CPU=6.81% GPU=90% VRAM=74887MiB (reset idle counter)
Active: CPU=10.06% GPU=99% VRAM=66003MiB (reset idle counter)
Active: CPU=5.75% GPU=100% VRAM=74743MiB (reset idle counter)
Active: CPU=5.93% GPU=100% VRAM=74989MiB (reset idle counter)
Active: CPU=5.73% GPU=100% VRAM=71961MiB (reset idle counter)
Active: CPU=5.84% GPU=100% VRAM=74867MiB (reset idle counter)
Active: CPU=5.93% GPU=90% VRAM=74899MiB (reset idle counter)
Active: CPU=5.85% GPU=100% VRAM=72033MiB (reset idle counter)
Active: CPU=5.94% GPU=89% VRAM=74861MiB (reset idle counter)
Active: CPU=5.97% GPU=100% VRAM=72035MiB (reset idle counter)
Active: CPU=6.08% GPU=99% VRAM=65901MiB (reset idle counter)
Active: CPU=6.04% GPU=100% VRAM=72119MiB (reset idle counter)
Active: CPU=10.76% GPU=100% VRAM=72069MiB (reset idle counter)
Active: CPU=7.95% GPU=100% VRAM=74885MiB (reset idle counter)
Active: CPU=8.66% GPU=100% VRAM=74981MiB (reset idle counter)
Active: CPU=6.42% GPU=100% VRAM=71923MiB (reset idle counter)
Active: CPU=5.67% GPU=100% VRAM=74919MiB (reset idle counter)
Active: CPU=6.03% GPU=100% VRAM=74969MiB (reset idle counter)
Active: CPU=5.96% GPU=100% VRAM=65869MiB (reset idle counter)
Active: CPU=5.89% GPU=100% VRAM=74869MiB (reset idle counter)
Active: CPU=5.95% GPU=100% VRAM=72079MiB (reset idle counter)
Active: CPU=6.30% GPU=100% VRAM=75095MiB (reset idle counter)
Active: CPU=5.75% GPU=100% VRAM=72109MiB (reset idle counter)
Active: CPU=5.77% GPU=100% VRAM=72097MiB (reset idle counter)
Active: CPU=6.11% GPU=100% VRAM=74969MiB (reset idle counter)
Active: CPU=5.93% GPU=100% VRAM=66955MiB (reset idle counter)
Active: CPU=6.19% GPU=100% VRAM=75127MiB (reset idle counter)
Active: CPU=6.21% GPU=100% VRAM=74845MiB (reset idle counter)
Active: CPU=5.93% GPU=100% VRAM=71935MiB (reset idle counter)
Active: CPU=5.95% GPU=100% VRAM=75063MiB (reset idle counter)
Active: CPU=5.98% GPU=100% VRAM=75033MiB (reset idle counter)
Active: CPU=6.19% GPU=100% VRAM=75087MiB (reset idle counter)
Active: CPU=5.94% GPU=100% VRAM=74909MiB (reset idle counter)
Active: CPU=5.66% GPU=100% VRAM=67207MiB (reset idle counter)
Active: CPU=5.93% GPU=100% VRAM=71985MiB (reset idle counter)
Active: CPU=5.98% GPU=91% VRAM=75057MiB (reset idle counter)
Active: CPU=5.94% GPU=100% VRAM=74867MiB (reset idle counter)
Active: CPU=5.84% GPU=100% VRAM=66531MiB (reset idle counter)
Active: CPU=5.95% GPU=100% VRAM=74899MiB (reset idle counter)
Active: CPU=5.89% GPU=100% VRAM=74821MiB (reset idle counter)
Active: CPU=6.21% GPU=100% VRAM=72109MiB (reset idle counter)
Active: CPU=6.42% GPU=100% VRAM=74749MiB (reset idle counter)
Active: CPU=6.13% GPU=100% VRAM=71941MiB (reset idle counter)
Active: CPU=5.86% GPU=100% VRAM=67179MiB (reset idle counter)
Active: CPU=6.47% GPU=100% VRAM=72153MiB (reset idle counter)
Active: CPU=6.35% GPU=100% VRAM=72019MiB (reset idle counter)
Active: CPU=5.95% GPU=100% VRAM=74863MiB (reset idle counter)
Active: CPU=5.76% GPU=100% VRAM=75077MiB (reset idle counter)
Active: CPU=5.75% GPU=100% VRAM=67731MiB (reset idle counter)
Active: CPU=5.91% GPU=91% VRAM=75195MiB (reset idle counter)
Active: CPU=5.97% GPU=100% VRAM=71979MiB (reset idle counter)
Active: CPU=6.11% GPU=100% VRAM=72097MiB (reset idle counter)
Active: CPU=7.39% GPU=100% VRAM=77791MiB (reset idle counter)
Active: CPU=7.37% GPU=100% VRAM=74967MiB (reset idle counter)
Active: CPU=7.59% GPU=98% VRAM=66029MiB (reset idle counter)
Active: CPU=7.37% GPU=100% VRAM=72077MiB (reset idle counter)
Active: CPU=7.15% GPU=92% VRAM=71913MiB (reset idle counter)
Active: CPU=7.55% GPU=100% VRAM=74713MiB (reset idle counter)
Active: CPU=7.36% GPU=91% VRAM=74917MiB (reset idle counter)
Active: CPU=9.82% GPU=100% VRAM=71947MiB (reset idle counter)
Active: CPU=11.09% GPU=91% VRAM=75091MiB (reset idle counter)
Active: CPU=6.75% GPU=100% VRAM=74891MiB (reset idle counter)
Active: CPU=6.67% GPU=100% VRAM=71999MiB (reset idle counter)
Active: CPU=6.80% GPU=100% VRAM=72029MiB (reset idle counter)
Active: CPU=6.90% GPU=91% VRAM=71693MiB (reset idle counter)
Active: CPU=6.83% GPU=100% VRAM=71829MiB (reset idle counter)
Active: CPU=6.58% GPU=100% VRAM=65801MiB (reset idle counter)
Active: CPU=6.44% GPU=100% VRAM=74487MiB (reset idle counter)
Active: CPU=6.57% GPU=100% VRAM=72145MiB (reset idle counter)
Active: CPU=6.58% GPU=100% VRAM=66967MiB (reset idle counter)
Active: CPU=6.57% GPU=100% VRAM=72009MiB (reset idle counter)
Active: CPU=6.60% GPU=100% VRAM=72065MiB (reset idle counter)
Active: CPU=6.61% GPU=99% VRAM=65911MiB (reset idle counter)
Active: CPU=6.84% GPU=100% VRAM=72117MiB (reset idle counter)
Active: CPU=6.65% GPU=100% VRAM=75027MiB (reset idle counter)
Active: CPU=6.88% GPU=100% VRAM=65887MiB (reset idle counter)
Active: CPU=6.67% GPU=100% VRAM=75077MiB (reset idle counter)
Active: CPU=6.60% GPU=90% VRAM=72133MiB (reset idle counter)
Active: CPU=6.89% GPU=100% VRAM=72017MiB (reset idle counter)
Active: CPU=6.68% GPU=100% VRAM=74827MiB (reset idle counter)
Active: CPU=6.82% GPU=100% VRAM=72013MiB (reset idle counter)
Active: CPU=6.91% GPU=100% VRAM=71985MiB (reset idle counter)
Active: CPU=6.96% GPU=100% VRAM=72005MiB (reset idle counter)
Active: CPU=7.32% GPU=100% VRAM=72147MiB (reset idle counter)
Active: CPU=6.99% GPU=100% VRAM=72031MiB (reset idle counter)
Active: CPU=5.92% GPU=98% VRAM=72089MiB (reset idle counter)
Active: CPU=6.01% GPU=100% VRAM=74855MiB (reset idle counter)
Active: CPU=5.86% GPU=100% VRAM=75005MiB (reset idle counter)
Active: CPU=6.09% GPU=99% VRAM=66113MiB (reset idle counter)
Active: CPU=5.87% GPU=100% VRAM=74987MiB (reset idle counter)
Active: CPU=5.87% GPU=100% VRAM=74865MiB (reset idle counter)
Active: CPU=5.95% GPU=0% VRAM=75291MiB (reset idle counter)
Active: CPU=5.86% GPU=100% VRAM=74949MiB (reset idle counter)
Active: CPU=6.05% GPU=100% VRAM=67397MiB (reset idle counter)
Active: CPU=5.74% GPU=90% VRAM=74863MiB (reset idle counter)
Active: CPU=5.74% GPU=100% VRAM=72145MiB (reset idle counter)
Active: CPU=5.77% GPU=100% VRAM=74839MiB (reset idle counter)
Active: CPU=5.92% GPU=90% VRAM=72163MiB (reset idle counter)
Active: CPU=6.00% GPU=100% VRAM=72107MiB (reset idle counter)
Active: CPU=5.84% GPU=100% VRAM=72069MiB (reset idle counter)
Active: CPU=6.13% GPU=100% VRAM=72007MiB (reset idle counter)
Active: CPU=6.06% GPU=100% VRAM=74995MiB (reset idle counter)
Active: CPU=5.87% GPU=100% VRAM=75013MiB (reset idle counter)
Active: CPU=5.95% GPU=100% VRAM=67257MiB (reset idle counter)
Active: CPU=5.90% GPU=100% VRAM=75129MiB (reset idle counter)
Active: CPU=5.94% GPU=100% VRAM=71891MiB (reset idle counter)
Active: CPU=6.74% GPU=100% VRAM=72053MiB (reset idle counter)
Active: CPU=7.70% GPU=100% VRAM=77843MiB (reset idle counter)
Active: CPU=6.94% GPU=100% VRAM=74765MiB (reset idle counter)
Active: CPU=5.91% GPU=100% VRAM=72129MiB (reset idle counter)
Active: CPU=5.85% GPU=100% VRAM=66991MiB (reset idle counter)
Active: CPU=6.07% GPU=90% VRAM=74933MiB (reset idle counter)
Active: CPU=6.01% GPU=100% VRAM=71963MiB (reset idle counter)
Active: CPU=6.06% GPU=100% VRAM=65881MiB (reset idle counter)
Active: CPU=5.78% GPU=100% VRAM=74847MiB (reset idle counter)
Active: CPU=5.73% GPU=99% VRAM=72041MiB (reset idle counter)
Active: CPU=5.70% GPU=100% VRAM=77661MiB (reset idle counter)
Active: CPU=6.05% GPU=100% VRAM=72093MiB (reset idle counter)
Active: CPU=6.06% GPU=100% VRAM=72317MiB (reset idle counter)
Active: CPU=6.18% GPU=100% VRAM=72013MiB (reset idle counter)
Active: CPU=8.27% GPU=92% VRAM=75049MiB (reset idle counter)
Active: CPU=5.15% GPU=100% VRAM=71939MiB (reset idle counter)
Active: CPU=5.09% GPU=100% VRAM=75141MiB (reset idle counter)
Active: CPU=4.96% GPU=100% VRAM=74935MiB (reset idle counter)
Active: CPU=5.29% GPU=100% VRAM=72057MiB (reset idle counter)
Active: CPU=4.97% GPU=100% VRAM=74887MiB (reset idle counter)
Active: CPU=5.00% GPU=100% VRAM=71979MiB (reset idle counter)
Active: CPU=5.27% GPU=100% VRAM=66291MiB (reset idle counter)
Active: CPU=8.78% GPU=100% VRAM=74917MiB (reset idle counter)
Active: CPU=6.59% GPU=100% VRAM=72369MiB (reset idle counter)
Active: CPU=5.29% GPU=100% VRAM=66759MiB (reset idle counter)
Active: CPU=5.32% GPU=100% VRAM=74955MiB (reset idle counter)
Active: CPU=5.01% GPU=100% VRAM=71961MiB (reset idle counter)
Active: CPU=5.34% GPU=100% VRAM=74909MiB (reset idle counter)
Active: CPU=4.98% GPU=100% VRAM=74907MiB (reset idle counter)
Active: CPU=4.89% GPU=90% VRAM=71973MiB (reset idle counter)
Active: CPU=5.30% GPU=100% VRAM=74983MiB (reset idle counter)
Active: CPU=4.91% GPU=89% VRAM=71993MiB (reset idle counter)
Active: CPU=5.24% GPU=100% VRAM=72147MiB (reset idle counter)
Active: CPU=4.98% GPU=100% VRAM=72109MiB (reset idle counter)
Active: CPU=5.05% GPU=100% VRAM=75127MiB (reset idle counter)
Active: CPU=5.19% GPU=100% VRAM=72037MiB (reset idle counter)
Active: CPU=5.01% GPU=0% VRAM=77975MiB (reset idle counter)
Active: CPU=5.18% GPU=100% VRAM=71991MiB (reset idle counter)
Active: CPU=4.93% GPU=100% VRAM=66785MiB (reset idle counter)
Active: CPU=4.81% GPU=100% VRAM=77703MiB (reset idle counter)
Active: CPU=5.48% GPU=100% VRAM=72137MiB (reset idle counter)
Active: CPU=5.48% GPU=100% VRAM=72031MiB (reset idle counter)
Active: CPU=5.77% GPU=100% VRAM=72049MiB (reset idle counter)
Active: CPU=5.52% GPU=100% VRAM=71997MiB (reset idle counter)
Active: CPU=5.51% GPU=100% VRAM=75207MiB (reset idle counter)
Active: CPU=5.08% GPU=100% VRAM=72095MiB (reset idle counter)
Active: CPU=5.13% GPU=100% VRAM=72049MiB (reset idle counter)
Active: CPU=5.14% GPU=100% VRAM=74917MiB (reset idle counter)
Active: CPU=4.98% GPU=100% VRAM=72069MiB (reset idle counter)
Active: CPU=4.90% GPU=91% VRAM=74919MiB (reset idle counter)
Active: CPU=5.02% GPU=100% VRAM=74863MiB (reset idle counter)
Active: CPU=4.99% GPU=100% VRAM=72123MiB (reset idle counter)
Active: CPU=5.22% GPU=100% VRAM=74873MiB (reset idle counter)
Active: CPU=7.27% GPU=90% VRAM=71983MiB (reset idle counter)
Active: CPU=6.35% GPU=100% VRAM=67651MiB (reset idle counter)
Active: CPU=7.06% GPU=100% VRAM=74899MiB (reset idle counter)
Active: CPU=6.90% GPU=100% VRAM=72157MiB (reset idle counter)
Active: CPU=7.18% GPU=100% VRAM=65921MiB (reset idle counter)
Active: CPU=6.98% GPU=100% VRAM=75185MiB (reset idle counter)
Active: CPU=6.34% GPU=100% VRAM=72085MiB (reset idle counter)
Active: CPU=5.23% GPU=100% VRAM=75141MiB (reset idle counter)
Active: CPU=5.00% GPU=90% VRAM=74811MiB (reset idle counter)
Active: CPU=5.24% GPU=100% VRAM=72103MiB (reset idle counter)
Active: CPU=5.02% GPU=100% VRAM=74889MiB (reset idle counter)
Active: CPU=5.23% GPU=100% VRAM=72159MiB (reset idle counter)
Active: CPU=7.36% GPU=99% VRAM=65907MiB (reset idle counter)
Active: CPU=5.31% GPU=100% VRAM=72097MiB (reset idle counter)
Active: CPU=5.28% GPU=100% VRAM=72397MiB (reset idle counter)
Active: CPU=4.97% GPU=100% VRAM=74161MiB (reset idle counter)
Active: CPU=4.94% GPU=100% VRAM=74927MiB (reset idle counter)
Active: CPU=5.08% GPU=100% VRAM=67471MiB (reset idle counter)
Active: CPU=5.04% GPU=98% VRAM=75003MiB (reset idle counter)
Active: CPU=5.23% GPU=100% VRAM=74757MiB (reset idle counter)
Active: CPU=5.25% GPU=100% VRAM=66089MiB (reset idle counter)
Active: CPU=5.06% GPU=100% VRAM=74853MiB (reset idle counter)
Active: CPU=5.06% GPU=100% VRAM=71927MiB (reset idle counter)
Active: CPU=5.88% GPU=100% VRAM=74983MiB (reset idle counter)
Active: CPU=5.48% GPU=100% VRAM=72207MiB (reset idle counter)
Active: CPU=5.60% GPU=98% VRAM=65931MiB (reset idle counter)
Active: CPU=5.46% GPU=100% VRAM=72215MiB (reset idle counter)
Active: CPU=5.76% GPU=100% VRAM=63049MiB (reset idle counter)
Active: CPU=5.66% GPU=100% VRAM=72049MiB (reset idle counter)
Active: CPU=5.66% GPU=100% VRAM=72153MiB (reset idle counter)
Active: CPU=5.72% GPU=100% VRAM=74823MiB (reset idle counter)
Active: CPU=5.05% GPU=100% VRAM=74903MiB (reset idle counter)
Active: CPU=4.98% GPU=100% VRAM=75049MiB (reset idle counter)
Active: CPU=5.02% GPU=100% VRAM=72127MiB (reset idle counter)
Active: CPU=5.09% GPU=94% VRAM=77685MiB (reset idle counter)
Active: CPU=5.12% GPU=100% VRAM=72121MiB (reset idle counter)
Active: CPU=5.19% GPU=100% VRAM=72119MiB (reset idle counter)
Active: CPU=5.67% GPU=100% VRAM=74969MiB (reset idle counter)
Active: CPU=5.38% GPU=88% VRAM=72303MiB (reset idle counter)
Active: CPU=5.57% GPU=100% VRAM=72145MiB (reset idle counter)
Active: CPU=5.78% GPU=100% VRAM=74987MiB (reset idle counter)
Active: CPU=5.76% GPU=100% VRAM=66957MiB (reset idle counter)
Active: CPU=5.19% GPU=100% VRAM=74927MiB (reset idle counter)
Active: CPU=4.90% GPU=100% VRAM=72049MiB (reset idle counter)
Active: CPU=5.03% GPU=97% VRAM=74951MiB (reset idle counter)
Active: CPU=4.88% GPU=100% VRAM=74943MiB (reset idle counter)
Active: CPU=5.22% GPU=100% VRAM=65337MiB (reset idle counter)
Active: CPU=5.19% GPU=100% VRAM=74861MiB (reset idle counter)
Active: CPU=5.15% GPU=90% VRAM=72025MiB (reset idle counter)
Active: CPU=4.92% GPU=100% VRAM=67229MiB (reset idle counter)
Active: CPU=5.07% GPU=100% VRAM=72233MiB (reset idle counter)
Active: CPU=5.32% GPU=100% VRAM=72023MiB (reset idle counter)
Active: CPU=5.20% GPU=100% VRAM=72071MiB (reset idle counter)
Active: CPU=5.08% GPU=100% VRAM=74889MiB (reset idle counter)
Active: CPU=5.03% GPU=100% VRAM=77863MiB (reset idle counter)
Active: CPU=4.78% GPU=91% VRAM=75091MiB (reset idle counter)
Active: CPU=5.03% GPU=100% VRAM=71955MiB (reset idle counter)
Active: CPU=4.98% GPU=100% VRAM=66341MiB (reset idle counter)
Active: CPU=5.27% GPU=100% VRAM=77861MiB (reset idle counter)
Active: CPU=4.90% GPU=100% VRAM=73089MiB (reset idle counter)
Active: CPU=4.87% GPU=100% VRAM=74937MiB (reset idle counter)
Active: CPU=5.17% GPU=100% VRAM=72105MiB (reset idle counter)
Active: CPU=5.26% GPU=100% VRAM=75103MiB (reset idle counter)
Active: CPU=5.24% GPU=100% VRAM=72015MiB (reset idle counter)
Active: CPU=5.24% GPU=100% VRAM=77851MiB (reset idle counter)
Active: CPU=4.89% GPU=100% VRAM=72033MiB (reset idle counter)
Active: CPU=4.93% GPU=100% VRAM=72013MiB (reset idle counter)
Active: CPU=4.99% GPU=100% VRAM=74873MiB (reset idle counter)
Active: CPU=5.32% GPU=100% VRAM=72083MiB (reset idle counter)
Active: CPU=6.70% GPU=100% VRAM=72235MiB (reset idle counter)
Active: CPU=6.24% GPU=100% VRAM=77723MiB (reset idle counter)
Active: CPU=7.05% GPU=91% VRAM=74963MiB (reset idle counter)
Active: CPU=7.13% GPU=98% VRAM=66361MiB (reset idle counter)
Active: CPU=6.97% GPU=100% VRAM=75065MiB (reset idle counter)
Active: CPU=7.20% GPU=100% VRAM=67485MiB (reset idle counter)
Active: CPU=6.87% GPU=100% VRAM=75105MiB (reset idle counter)
Active: CPU=6.83% GPU=100% VRAM=72021MiB (reset idle counter)
Active: CPU=6.91% GPU=100% VRAM=72079MiB (reset idle counter)
Active: CPU=6.92% GPU=100% VRAM=74889MiB (reset idle counter)
Active: CPU=7.18% GPU=100% VRAM=72017MiB (reset idle counter)
Active: CPU=6.44% GPU=100% VRAM=65857MiB (reset idle counter)
Active: CPU=5.07% GPU=100% VRAM=72083MiB (reset idle counter)
Active: CPU=5.06% GPU=100% VRAM=67581MiB (reset idle counter)
Active: CPU=5.01% GPU=100% VRAM=72053MiB (reset idle counter)
Active: CPU=5.10% GPU=100% VRAM=74939MiB (reset idle counter)
Active: CPU=5.02% GPU=89% VRAM=72017MiB (reset idle counter)
Active: CPU=23.32% GPU=100% VRAM=74893MiB (reset idle counter)
Active: CPU=4.99% GPU=100% VRAM=74855MiB (reset idle counter)
Active: CPU=4.90% GPU=100% VRAM=66543MiB (reset idle counter)
Active: CPU=5.25% GPU=100% VRAM=77661MiB (reset idle counter)
Active: CPU=6.46% GPU=100% VRAM=71971MiB (reset idle counter)
Active: CPU=8.49% GPU=99% VRAM=65851MiB (reset idle counter)
Active: CPU=5.09% GPU=100% VRAM=71979MiB (reset idle counter)
Active: CPU=5.20% GPU=100% VRAM=74917MiB (reset idle counter)
Active: CPU=4.88% GPU=100% VRAM=72013MiB (reset idle counter)
Active: CPU=4.90% GPU=91% VRAM=72043MiB (reset idle counter)
Active: CPU=5.03% GPU=100% VRAM=74811MiB (reset idle counter)
Active: CPU=4.98% GPU=100% VRAM=66649MiB (reset idle counter)
Active: CPU=5.41% GPU=100% VRAM=77797MiB (reset idle counter)
Active: CPU=4.98% GPU=100% VRAM=72027MiB (reset idle counter)
Active: CPU=4.89% GPU=100% VRAM=77639MiB (reset idle counter)
Active: CPU=10.43% GPU=100% VRAM=75019MiB (reset idle counter)
Active: CPU=5.17% GPU=100% VRAM=67877MiB (reset idle counter)
Active: CPU=5.23% GPU=100% VRAM=72057MiB (reset idle counter)
Active: CPU=4.90% GPU=100% VRAM=72085MiB (reset idle counter)
Active: CPU=4.92% GPU=99% VRAM=65755MiB (reset idle counter)
Active: CPU=4.91% GPU=100% VRAM=74899MiB (reset idle counter)
Active: CPU=4.97% GPU=100% VRAM=74857MiB (reset idle counter)
Active: CPU=9.83% GPU=100% VRAM=66779MiB (reset idle counter)
Active: CPU=4.92% GPU=100% VRAM=77967MiB (reset idle counter)
Active: CPU=5.03% GPU=100% VRAM=72097MiB (reset idle counter)
Active: CPU=12.24% GPU=100% VRAM=74879MiB (reset idle counter)
Active: CPU=15.67% GPU=91% VRAM=74923MiB (reset idle counter)
Active: CPU=7.96% GPU=100% VRAM=74993MiB (reset idle counter)
Active: CPU=4.93% GPU=100% VRAM=72023MiB (reset idle counter)
Active: CPU=4.88% GPU=100% VRAM=72133MiB (reset idle counter)
Active: CPU=4.91% GPU=100% VRAM=74913MiB (reset idle counter)
Active: CPU=9.17% GPU=100% VRAM=72379MiB (reset idle counter)
Active: CPU=17.41% GPU=100% VRAM=72109MiB (reset idle counter)
Active: CPU=16.47% GPU=100% VRAM=74953MiB (reset idle counter)
Active: CPU=10.48% GPU=100% VRAM=72015MiB (reset idle counter)
Active: CPU=6.78% GPU=100% VRAM=75141MiB (reset idle counter)
Active: CPU=5.59% GPU=100% VRAM=74873MiB (reset idle counter)
Active: CPU=5.68% GPU=96% VRAM=65911MiB (reset idle counter)
Active: CPU=5.68% GPU=100% VRAM=74985MiB (reset idle counter)
Active: CPU=5.63% GPU=100% VRAM=67703MiB (reset idle counter)
Active: CPU=5.68% GPU=99% VRAM=77781MiB (reset idle counter)
Active: CPU=5.67% GPU=100% VRAM=74947MiB (reset idle counter)
Active: CPU=6.10% GPU=100% VRAM=72157MiB (reset idle counter)
Active: CPU=5.53% GPU=100% VRAM=72145MiB (reset idle counter)
Active: CPU=5.72% GPU=100% VRAM=72107MiB (reset idle counter)
Active: CPU=5.40% GPU=100% VRAM=72143MiB (reset idle counter)
Active: CPU=5.79% GPU=100% VRAM=72325MiB (reset idle counter)
Active: CPU=5.43% GPU=100% VRAM=74877MiB (reset idle counter)
Active: CPU=24.21% GPU=100% VRAM=75033MiB (reset idle counter)
Active: CPU=6.51% GPU=100% VRAM=67489MiB (reset idle counter)
Active: CPU=9.03% GPU=100% VRAM=72053MiB (reset idle counter)
Active: CPU=8.93% GPU=100% VRAM=71943MiB (reset idle counter)
Active: CPU=3.55% GPU=94% VRAM=71319MiB (reset idle counter)
Active: CPU=3.65% GPU=100% VRAM=75091MiB (reset idle counter)
Active: CPU=3.82% GPU=90% VRAM=72023MiB (reset idle counter)
Active: CPU=5.09% GPU=100% VRAM=74493MiB (reset idle counter)
Active: CPU=3.87% GPU=100% VRAM=74889MiB (reset idle counter)
Active: CPU=3.64% GPU=100% VRAM=77793MiB (reset idle counter)
Active: CPU=3.59% GPU=100% VRAM=74943MiB (reset idle counter)
Active: CPU=3.62% GPU=100% VRAM=72021MiB (reset idle counter)
Active: CPU=3.60% GPU=98% VRAM=65871MiB (reset idle counter)
Active: CPU=3.63% GPU=100% VRAM=74975MiB (reset idle counter)
Active: CPU=3.62% GPU=100% VRAM=72015MiB (reset idle counter)
Active: CPU=3.59% GPU=100% VRAM=72089MiB (reset idle counter)
Active: CPU=3.70% GPU=100% VRAM=74861MiB (reset idle counter)
Active: CPU=3.82% GPU=100% VRAM=66341MiB (reset idle counter)
Active: CPU=3.79% GPU=98% VRAM=74873MiB (reset idle counter)
Active: CPU=3.60% GPU=100% VRAM=71963MiB (reset idle counter)
Active: CPU=3.57% GPU=100% VRAM=71289MiB (reset idle counter)
Active: CPU=3.58% GPU=100% VRAM=72085MiB (reset idle counter)
Active: CPU=3.53% GPU=100% VRAM=72077MiB (reset idle counter)
Active: CPU=3.76% GPU=100% VRAM=72163MiB (reset idle counter)
Active: CPU=3.64% GPU=100% VRAM=74943MiB (reset idle counter)
Active: CPU=4.01% GPU=100% VRAM=71987MiB (reset idle counter)
Active: CPU=4.16% GPU=100% VRAM=74829MiB (reset idle counter)
Active: CPU=4.81% GPU=100% VRAM=71959MiB (reset idle counter)
Active: CPU=5.22% GPU=0% VRAM=74887MiB (reset idle counter)
Active: CPU=5.04% GPU=100% VRAM=74729MiB (reset idle counter)
Active: CPU=5.13% GPU=100% VRAM=71201MiB (reset idle counter)
Active: CPU=4.60% GPU=100% VRAM=74767MiB (reset idle counter)
Active: CPU=4.18% GPU=90% VRAM=72137MiB (reset idle counter)
Active: CPU=3.62% GPU=100% VRAM=69211MiB (reset idle counter)
Active: CPU=6.41% GPU=100% VRAM=72077MiB (reset idle counter)
Active: CPU=4.72% GPU=100% VRAM=75077MiB (reset idle counter)
Active: CPU=4.96% GPU=100% VRAM=64671MiB (reset idle counter)
Active: CPU=5.53% GPU=100% VRAM=75137MiB (reset idle counter)
Active: CPU=4.76% GPU=100% VRAM=74865MiB (reset idle counter)
Active: CPU=4.65% GPU=100% VRAM=67479MiB (reset idle counter)
Active: CPU=4.62% GPU=100% VRAM=74889MiB (reset idle counter)
Active: CPU=4.71% GPU=91% VRAM=72061MiB (reset idle counter)
Active: CPU=4.56% GPU=100% VRAM=67441MiB (reset idle counter)
Active: CPU=4.56% GPU=100% VRAM=74799MiB (reset idle counter)
Active: CPU=4.56% GPU=100% VRAM=72287MiB (reset idle counter)
Active: CPU=4.51% GPU=100% VRAM=72127MiB (reset idle counter)
Active: CPU=4.62% GPU=98% VRAM=74927MiB (reset idle counter)
Active: CPU=4.76% GPU=100% VRAM=72123MiB (reset idle counter)
Active: CPU=4.66% GPU=100% VRAM=74979MiB (reset idle counter)
Active: CPU=4.51% GPU=100% VRAM=74871MiB (reset idle counter)
Active: CPU=4.51% GPU=100% VRAM=72033MiB (reset idle counter)
Active: CPU=4.53% GPU=100% VRAM=72157MiB (reset idle counter)
Active: CPU=4.98% GPU=100% VRAM=76847MiB (reset idle counter)
Active: CPU=5.04% GPU=100% VRAM=75183MiB (reset idle counter)
Active: CPU=5.05% GPU=100% VRAM=72003MiB (reset idle counter)
Active: CPU=5.52% GPU=100% VRAM=65781MiB (reset idle counter)
Active: CPU=5.10% GPU=100% VRAM=74889MiB (reset idle counter)
Active: CPU=5.14% GPU=100% VRAM=67047MiB (reset idle counter)
Active: CPU=5.09% GPU=100% VRAM=74887MiB (reset idle counter)
Active: CPU=5.07% GPU=100% VRAM=72125MiB (reset idle counter)
Active: CPU=4.97% GPU=100% VRAM=74921MiB (reset idle counter)
Active: CPU=4.97% GPU=100% VRAM=74861MiB (reset idle counter)
Active: CPU=5.13% GPU=100% VRAM=72059MiB (reset idle counter)
Active: CPU=4.93% GPU=100% VRAM=65887MiB (reset idle counter)
Active: CPU=5.09% GPU=100% VRAM=74897MiB (reset idle counter)
Active: CPU=5.00% GPU=100% VRAM=71963MiB (reset idle counter)
Active: CPU=5.12% GPU=100% VRAM=75053MiB (reset idle counter)
Active: CPU=5.21% GPU=100% VRAM=74857MiB (reset idle counter)
Active: CPU=5.25% GPU=99% VRAM=65907MiB (reset idle counter)
Active: CPU=4.98% GPU=100% VRAM=74769MiB (reset idle counter)
Active: CPU=5.03% GPU=90% VRAM=72103MiB (reset idle counter)
Active: CPU=5.02% GPU=100% VRAM=66355MiB (reset idle counter)
Active: CPU=4.92% GPU=100% VRAM=72033MiB (reset idle counter)
Active: CPU=5.12% GPU=100% VRAM=72115MiB (reset idle counter)
Active: CPU=5.06% GPU=100% VRAM=74783MiB (reset idle counter)
Active: CPU=4.41% GPU=100% VRAM=75079MiB (reset idle counter)
Active: CPU=4.18% GPU=91% VRAM=71927MiB (reset idle counter)
Active: CPU=4.28% GPU=100% VRAM=74829MiB (reset idle counter)
Active: CPU=4.08% GPU=100% VRAM=74811MiB (reset idle counter)
Active: CPU=4.04% GPU=100% VRAM=65781MiB (reset idle counter)
Active: CPU=3.97% GPU=100% VRAM=72067MiB (reset idle counter)
Active: CPU=3.90% GPU=100% VRAM=72037MiB (reset idle counter)
Active: CPU=4.00% GPU=100% VRAM=66321MiB (reset idle counter)
Active: CPU=4.02% GPU=100% VRAM=72137MiB (reset idle counter)
Active: CPU=3.91% GPU=90% VRAM=71999MiB (reset idle counter)
Active: CPU=4.26% GPU=100% VRAM=72049MiB (reset idle counter)
Active: CPU=4.06% GPU=100% VRAM=74839MiB (reset idle counter)
Active: CPU=4.11% GPU=93% VRAM=69917MiB (reset idle counter)
Active: CPU=4.21% GPU=94% VRAM=73579MiB (reset idle counter)
Active: CPU=3.97% GPU=100% VRAM=72161MiB (reset idle counter)
Active: CPU=3.95% GPU=100% VRAM=74903MiB (reset idle counter)
Active: CPU=4.01% GPU=100% VRAM=67735MiB (reset idle counter)
Active: CPU=4.02% GPU=91% VRAM=72005MiB (reset idle counter)
Active: CPU=3.98% GPU=100% VRAM=74835MiB (reset idle counter)
Active: CPU=3.91% GPU=100% VRAM=72051MiB (reset idle counter)
Active: CPU=4.04% GPU=100% VRAM=75263MiB (reset idle counter)
Active: CPU=4.07% GPU=100% VRAM=72021MiB (reset idle counter)
Active: CPU=4.08% GPU=98% VRAM=65867MiB (reset idle counter)
Active: CPU=4.15% GPU=100% VRAM=71965MiB (reset idle counter)
Active: CPU=3.99% GPU=100% VRAM=72107MiB (reset idle counter)
Active: CPU=3.93% GPU=92% VRAM=77953MiB (reset idle counter)
Active: CPU=4.03% GPU=100% VRAM=72031MiB (reset idle counter)
Active: CPU=3.95% GPU=100% VRAM=72145MiB (reset idle counter)
Active: CPU=3.99% GPU=100% VRAM=72283MiB (reset idle counter)
Active: CPU=4.05% GPU=100% VRAM=74965MiB (reset idle counter)
Active: CPU=3.67% GPU=98% VRAM=65927MiB (reset idle counter)
Active: CPU=3.61% GPU=100% VRAM=74855MiB (reset idle counter)
Active: CPU=3.71% GPU=100% VRAM=71113MiB (reset idle counter)
Active: CPU=3.70% GPU=100% VRAM=72031MiB (reset idle counter)
Active: CPU=3.53% GPU=91% VRAM=72175MiB (reset idle counter)
Active: CPU=3.53% GPU=100% VRAM=65871MiB (reset idle counter)
Active: CPU=3.54% GPU=100% VRAM=74973MiB (reset idle counter)
Active: CPU=3.51% GPU=100% VRAM=74791MiB (reset idle counter)
Active: CPU=3.53% GPU=100% VRAM=72067MiB (reset idle counter)
Active: CPU=3.67% GPU=100% VRAM=74909MiB (reset idle counter)
Active: CPU=4.92% GPU=100% VRAM=71955MiB (reset idle counter)
Active: CPU=3.99% GPU=100% VRAM=77669MiB (reset idle counter)
Active: CPU=3.79% GPU=100% VRAM=71987MiB (reset idle counter)
Active: CPU=3.81% GPU=100% VRAM=68737MiB (reset idle counter)
Active: CPU=3.63% GPU=100% VRAM=74863MiB (reset idle counter)
Active: CPU=3.60% GPU=100% VRAM=74949MiB (reset idle counter)
Active: CPU=3.58% GPU=100% VRAM=72105MiB (reset idle counter)
Active: CPU=3.55% GPU=98% VRAM=75023MiB (reset idle counter)
Active: CPU=3.52% GPU=100% VRAM=71929MiB (reset idle counter)
Active: CPU=5.17% GPU=98% VRAM=65887MiB (reset idle counter)
Active: CPU=5.36% GPU=100% VRAM=74897MiB (reset idle counter)
Active: CPU=7.27% GPU=100% VRAM=67465MiB (reset idle counter)
Active: CPU=6.21% GPU=100% VRAM=77685MiB (reset idle counter)
Active: CPU=7.22% GPU=100% VRAM=72091MiB (reset idle counter)
Active: CPU=7.01% GPU=100% VRAM=67845MiB (reset idle counter)
Active: CPU=5.75% GPU=100% VRAM=74785MiB (reset idle counter)
Active: CPU=3.51% GPU=100% VRAM=72009MiB (reset idle counter)
Active: CPU=3.77% GPU=100% VRAM=65901MiB (reset idle counter)
Active: CPU=5.22% GPU=100% VRAM=72091MiB (reset idle counter)
Active: CPU=5.06% GPU=95% VRAM=72043MiB (reset idle counter)
Active: CPU=5.16% GPU=100% VRAM=75025MiB (reset idle counter)
Active: CPU=5.13% GPU=100% VRAM=74923MiB (reset idle counter)
Active: CPU=5.19% GPU=100% VRAM=72069MiB (reset idle counter)
Active: CPU=5.09% GPU=100% VRAM=71989MiB (reset idle counter)
Active: CPU=4.81% GPU=100% VRAM=74839MiB (reset idle counter)
Active: CPU=4.62% GPU=100% VRAM=67221MiB (reset idle counter)
Active: CPU=4.08% GPU=100% VRAM=74979MiB (reset idle counter)
Active: CPU=3.56% GPU=100% VRAM=72003MiB (reset idle counter)
Active: CPU=3.55% GPU=100% VRAM=74903MiB (reset idle counter)
Active: CPU=3.54% GPU=89% VRAM=74925MiB (reset idle counter)
Active: CPU=3.54% GPU=100% VRAM=72019MiB (reset idle counter)
Active: CPU=4.32% GPU=100% VRAM=74835MiB (reset idle counter)
Active: CPU=13.53% GPU=100% VRAM=74775MiB (reset idle counter)
Active: CPU=13.77% GPU=100% VRAM=67647MiB (reset idle counter)
Active: CPU=13.96% GPU=88% VRAM=74769MiB (reset idle counter)
Active: CPU=14.67% GPU=100% VRAM=71971MiB (reset idle counter)
Active: CPU=11.06% GPU=100% VRAM=74787MiB (reset idle counter)
Active: CPU=12.58% GPU=100% VRAM=75047MiB (reset idle counter)
Active: CPU=8.85% GPU=100% VRAM=75057MiB (reset idle counter)
Active: CPU=14.40% GPU=100% VRAM=77649MiB (reset idle counter)
Active: CPU=4.94% GPU=100% VRAM=72029MiB (reset idle counter)
Active: CPU=3.71% GPU=100% VRAM=72129MiB (reset idle counter)
Active: CPU=7.58% GPU=100% VRAM=66175MiB (reset idle counter)
Active: CPU=7.37% GPU=100% VRAM=72235MiB (reset idle counter)
Active: CPU=6.97% GPU=90% VRAM=72035MiB (reset idle counter)
Active: CPU=6.70% GPU=100% VRAM=74795MiB (reset idle counter)
Active: CPU=7.20% GPU=100% VRAM=74977MiB (reset idle counter)
Active: CPU=6.44% GPU=100% VRAM=72039MiB (reset idle counter)
Active: CPU=6.87% GPU=100% VRAM=74795MiB (reset idle counter)
Active: CPU=5.73% GPU=91% VRAM=74871MiB (reset idle counter)
Active: CPU=4.69% GPU=100% VRAM=72159MiB (reset idle counter)
Active: CPU=3.74% GPU=100% VRAM=75127MiB (reset idle counter)
Active: CPU=3.71% GPU=100% VRAM=74843MiB (reset idle counter)
Active: CPU=7.54% GPU=100% VRAM=72061MiB (reset idle counter)
Active: CPU=7.22% GPU=100% VRAM=74955MiB (reset idle counter)
Active: CPU=6.73% GPU=90% VRAM=72007MiB (reset idle counter)
Active: CPU=6.96% GPU=100% VRAM=71969MiB (reset idle counter)
Active: CPU=7.24% GPU=100% VRAM=71959MiB (reset idle counter)
Active: CPU=6.36% GPU=100% VRAM=74789MiB (reset idle counter)
Active: CPU=6.94% GPU=100% VRAM=67177MiB (reset idle counter)
Active: CPU=5.83% GPU=90% VRAM=75061MiB (reset idle counter)
Active: CPU=4.92% GPU=100% VRAM=74837MiB (reset idle counter)
Active: CPU=3.72% GPU=100% VRAM=67451MiB (reset idle counter)
Active: CPU=3.68% GPU=100% VRAM=74877MiB (reset idle counter)
Active: CPU=3.53% GPU=100% VRAM=72123MiB (reset idle counter)
Active: CPU=3.53% GPU=100% VRAM=72039MiB (reset idle counter)
Active: CPU=3.54% GPU=100% VRAM=74877MiB (reset idle counter)
Active: CPU=3.54% GPU=100% VRAM=74803MiB (reset idle counter)
Active: CPU=3.53% GPU=100% VRAM=72029MiB (reset idle counter)
Active: CPU=3.54% GPU=100% VRAM=67001MiB (reset idle counter)
Active: CPU=3.55% GPU=100% VRAM=74829MiB (reset idle counter)
Active: CPU=3.61% GPU=100% VRAM=72059MiB (reset idle counter)
Active: CPU=3.71% GPU=100% VRAM=74833MiB (reset idle counter)
Active: CPU=3.70% GPU=100% VRAM=74869MiB (reset idle counter)
Active: CPU=3.60% GPU=100% VRAM=66779MiB (reset idle counter)
Active: CPU=5.73% GPU=100% VRAM=72113MiB (reset idle counter)
Active: CPU=4.53% GPU=100% VRAM=75073MiB (reset idle counter)
Active: CPU=3.91% GPU=98% VRAM=65877MiB (reset idle counter)
Active: CPU=3.55% GPU=100% VRAM=74999MiB (reset idle counter)
Active: CPU=3.54% GPU=100% VRAM=71943MiB (reset idle counter)
Active: CPU=3.57% GPU=100% VRAM=75005MiB (reset idle counter)
Active: CPU=3.63% GPU=100% VRAM=74915MiB (reset idle counter)
Active: CPU=3.70% GPU=100% VRAM=72091MiB (reset idle counter)
Active: CPU=3.69% GPU=90% VRAM=72081MiB (reset idle counter)
Active: CPU=3.53% GPU=100% VRAM=72043MiB (reset idle counter)
Active: CPU=3.51% GPU=89% VRAM=72027MiB (reset idle counter)
Active: CPU=3.61% GPU=100% VRAM=72079MiB (reset idle counter)
Active: CPU=3.55% GPU=100% VRAM=74983MiB (reset idle counter)
Active: CPU=3.60% GPU=100% VRAM=67879MiB (reset idle counter)
Active: CPU=4.49% GPU=88% VRAM=74867MiB (reset idle counter)
Active: CPU=3.55% GPU=100% VRAM=72031MiB (reset idle counter)
Active: CPU=3.63% GPU=99% VRAM=65931MiB (reset idle counter)
Active: CPU=4.04% GPU=100% VRAM=74839MiB (reset idle counter)
Active: CPU=5.01% GPU=100% VRAM=67821MiB (reset idle counter)
Active: CPU=7.77% GPU=91% VRAM=74885MiB (reset idle counter)
Active: CPU=7.32% GPU=100% VRAM=74717MiB (reset idle counter)
Active: CPU=7.34% GPU=100% VRAM=72021MiB (reset idle counter)
Active: CPU=6.42% GPU=100% VRAM=75061MiB (reset idle counter)
Active: CPU=7.24% GPU=100% VRAM=74987MiB (reset idle counter)
Active: CPU=6.58% GPU=100% VRAM=72055MiB (reset idle counter)
Active: CPU=6.49% GPU=100% VRAM=74937MiB (reset idle counter)
Active: CPU=6.28% GPU=100% VRAM=72063MiB (reset idle counter)
Active: CPU=3.71% GPU=100% VRAM=65857MiB (reset idle counter)
Active: CPU=3.64% GPU=100% VRAM=74771MiB (reset idle counter)
Active: CPU=3.54% GPU=100% VRAM=72045MiB (reset idle counter)
Active: CPU=3.52% GPU=100% VRAM=72233MiB (reset idle counter)
Active: CPU=3.51% GPU=90% VRAM=72115MiB (reset idle counter)
Active: CPU=3.50% GPU=100% VRAM=67623MiB (reset idle counter)
Active: CPU=3.51% GPU=100% VRAM=72123MiB (reset idle counter)
Active: CPU=3.54% GPU=100% VRAM=72153MiB (reset idle counter)
Active: CPU=3.52% GPU=100% VRAM=72023MiB (reset idle counter)
Active: CPU=3.60% GPU=100% VRAM=74967MiB (reset idle counter)
Active: CPU=3.73% GPU=100% VRAM=72033MiB (reset idle counter)
Active: CPU=3.71% GPU=100% VRAM=74867MiB (reset idle counter)
Active: CPU=3.54% GPU=91% VRAM=72069MiB (reset idle counter)
Active: CPU=3.49% GPU=100% VRAM=69209MiB (reset idle counter)
Active: CPU=3.51% GPU=100% VRAM=71999MiB (reset idle counter)
Active: CPU=3.52% GPU=100% VRAM=73775MiB (reset idle counter)
Active: CPU=3.51% GPU=100% VRAM=71095MiB (reset idle counter)
Active: CPU=3.53% GPU=100% VRAM=73423MiB (reset idle counter)
Active: CPU=3.52% GPU=100% VRAM=72217MiB (reset idle counter)
Active: CPU=3.61% GPU=99% VRAM=65877MiB (reset idle counter)
Active: CPU=4.04% GPU=100% VRAM=74847MiB (reset idle counter)
Active: CPU=3.66% GPU=100% VRAM=75019MiB (reset idle counter)
Active: CPU=3.55% GPU=100% VRAM=74993MiB (reset idle counter)
Active: CPU=3.52% GPU=100% VRAM=74881MiB (reset idle counter)
Active: CPU=3.50% GPU=100% VRAM=71877MiB (reset idle counter)
Active: CPU=3.87% GPU=98% VRAM=66133MiB (reset idle counter)
Active: CPU=19.72% GPU=100% VRAM=77693MiB (reset idle counter)
Active: CPU=3.54% GPU=100% VRAM=71225MiB (reset idle counter)
Active: CPU=5.14% GPU=100% VRAM=71939MiB (reset idle counter)
Active: CPU=7.26% GPU=100% VRAM=74811MiB (reset idle counter)
Active: CPU=3.72% GPU=100% VRAM=75129MiB (reset idle counter)
Active: CPU=5.84% GPU=100% VRAM=66773MiB (reset idle counter)
Active: CPU=7.61% GPU=100% VRAM=74873MiB (reset idle counter)
Active: CPU=7.52% GPU=100% VRAM=72041MiB (reset idle counter)
Active: CPU=4.66% GPU=93% VRAM=71829MiB (reset idle counter)
Active: CPU=5.38% GPU=100% VRAM=72159MiB (reset idle counter)
Active: CPU=5.40% GPU=100% VRAM=74919MiB (reset idle counter)
Active: CPU=5.48% GPU=100% VRAM=73995MiB (reset idle counter)
Active: CPU=5.47% GPU=100% VRAM=75101MiB (reset idle counter)
Active: CPU=4.86% GPU=100% VRAM=71995MiB (reset idle counter)
Active: CPU=5.67% GPU=98% VRAM=65821MiB (reset idle counter)
Active: CPU=4.83% GPU=100% VRAM=74809MiB (reset idle counter)
Active: CPU=3.56% GPU=100% VRAM=72203MiB (reset idle counter)
Active: CPU=3.52% GPU=100% VRAM=67169MiB (reset idle counter)
Active: CPU=3.51% GPU=91% VRAM=74857MiB (reset idle counter)
Active: CPU=3.51% GPU=100% VRAM=72125MiB (reset idle counter)
Active: CPU=3.52% GPU=99% VRAM=74803MiB (reset idle counter)
Active: CPU=3.53% GPU=100% VRAM=72037MiB (reset idle counter)
Active: CPU=3.52% GPU=100% VRAM=65181MiB (reset idle counter)
Active: CPU=3.62% GPU=100% VRAM=72137MiB (reset idle counter)
Active: CPU=4.00% GPU=100% VRAM=72039MiB (reset idle counter)
Active: CPU=3.70% GPU=100% VRAM=72041MiB (reset idle counter)
Active: CPU=3.52% GPU=100% VRAM=75077MiB (reset idle counter)
Active: CPU=3.52% GPU=100% VRAM=66301MiB (reset idle counter)
Active: CPU=3.53% GPU=100% VRAM=74833MiB (reset idle counter)
Active: CPU=3.53% GPU=100% VRAM=74839MiB (reset idle counter)
Active: CPU=3.52% GPU=89% VRAM=72015MiB (reset idle counter)
Active: CPU=3.55% GPU=100% VRAM=77829MiB (reset idle counter)
Active: CPU=3.53% GPU=100% VRAM=72137MiB (reset idle counter)
Active: CPU=3.63% GPU=100% VRAM=71939MiB (reset idle counter)
Active: CPU=3.71% GPU=100% VRAM=72227MiB (reset idle counter)
Active: CPU=3.67% GPU=100% VRAM=72113MiB (reset idle counter)
Active: CPU=3.53% GPU=91% VRAM=72081MiB (reset idle counter)
Active: CPU=3.55% GPU=100% VRAM=72095MiB (reset idle counter)
Active: CPU=3.53% GPU=100% VRAM=72053MiB (reset idle counter)
Active: CPU=3.52% GPU=100% VRAM=72025MiB (reset idle counter)
Active: CPU=3.53% GPU=100% VRAM=74789MiB (reset idle counter)
Active: CPU=3.56% GPU=100% VRAM=74821MiB (reset idle counter)
Active: CPU=3.60% GPU=100% VRAM=71953MiB (reset idle counter)
Active: CPU=3.81% GPU=100% VRAM=74797MiB (reset idle counter)
Active: CPU=3.82% GPU=100% VRAM=74765MiB (reset idle counter)
Active: CPU=4.25% GPU=100% VRAM=71987MiB (reset idle counter)
Active: CPU=4.12% GPU=100% VRAM=65881MiB (reset idle counter)
Active: CPU=3.98% GPU=100% VRAM=72045MiB (reset idle counter)
Active: CPU=3.97% GPU=90% VRAM=72083MiB (reset idle counter)
Active: CPU=3.97% GPU=100% VRAM=74949MiB (reset idle counter)
Active: CPU=14.09% GPU=100% VRAM=75107MiB (reset idle counter)
Active: CPU=14.43% GPU=99% VRAM=65861MiB (reset idle counter)
Active: CPU=14.40% GPU=100% VRAM=74845MiB (reset idle counter)
Active: CPU=5.02% GPU=89% VRAM=74843MiB (reset idle counter)
Active: CPU=7.59% GPU=100% VRAM=66649MiB (reset idle counter)
Active: CPU=4.66% GPU=100% VRAM=74991MiB (reset idle counter)
Active: CPU=9.02% GPU=100% VRAM=72021MiB (reset idle counter)
Active: CPU=9.22% GPU=100% VRAM=74897MiB (reset idle counter)
Active: CPU=9.24% GPU=100% VRAM=72301MiB (reset idle counter)
Active: CPU=9.16% GPU=100% VRAM=72217MiB (reset idle counter)
Active: CPU=9.14% GPU=90% VRAM=72061MiB (reset idle counter)
Active: CPU=9.27% GPU=100% VRAM=74967MiB (reset idle counter)
Active: CPU=9.21% GPU=100% VRAM=77689MiB (reset idle counter)
Active: CPU=9.33% GPU=100% VRAM=75035MiB (reset idle counter)
Active: CPU=9.33% GPU=100% VRAM=71959MiB (reset idle counter)
Active: CPU=9.34% GPU=100% VRAM=67137MiB (reset idle counter)
Active: CPU=9.26% GPU=100% VRAM=74907MiB (reset idle counter)
Active: CPU=9.27% GPU=100% VRAM=71993MiB (reset idle counter)
Active: CPU=9.19% GPU=100% VRAM=65901MiB (reset idle counter)
Active: CPU=8.14% GPU=100% VRAM=72059MiB (reset idle counter)
Active: CPU=7.96% GPU=100% VRAM=72147MiB (reset idle counter)
Active: CPU=8.02% GPU=98% VRAM=74805MiB (reset idle counter)
Active: CPU=7.28% GPU=100% VRAM=75115MiB (reset idle counter)
Active: CPU=7.91% GPU=100% VRAM=72181MiB (reset idle counter)
Active: CPU=7.98% GPU=100% VRAM=74997MiB (reset idle counter)
Active: CPU=7.97% GPU=100% VRAM=71951MiB (reset idle counter)
Active: CPU=11.53% GPU=100% VRAM=66339MiB (reset idle counter)
Active: CPU=16.28% GPU=100% VRAM=72059MiB (reset idle counter)
Active: CPU=16.30% GPU=100% VRAM=72145MiB (reset idle counter)
Active: CPU=16.41% GPU=100% VRAM=77831MiB (reset idle counter)
Active: CPU=15.20% GPU=100% VRAM=72115MiB (reset idle counter)
Active: CPU=14.43% GPU=100% VRAM=72083MiB (reset idle counter)
Active: CPU=14.40% GPU=100% VRAM=74969MiB (reset idle counter)
Active: CPU=14.49% GPU=100% VRAM=72057MiB (reset idle counter)
Active: CPU=14.86% GPU=100% VRAM=65337MiB (reset idle counter)
Active: CPU=14.55% GPU=100% VRAM=75177MiB (reset idle counter)
Active: CPU=14.80% GPU=100% VRAM=71949MiB (reset idle counter)
Active: CPU=15.55% GPU=100% VRAM=74881MiB (reset idle counter)
Active: CPU=15.67% GPU=100% VRAM=74825MiB (reset idle counter)
Active: CPU=11.42% GPU=100% VRAM=71875MiB (reset idle counter)
Active: CPU=9.37% GPU=89% VRAM=77607MiB (reset idle counter)
Active: CPU=15.71% GPU=100% VRAM=72073MiB (reset idle counter)
Active: CPU=15.72% GPU=100% VRAM=71999MiB (reset idle counter)
Active: CPU=15.53% GPU=100% VRAM=74903MiB (reset idle counter)
Active: CPU=5.76% GPU=100% VRAM=72133MiB (reset idle counter)
Active: CPU=5.75% GPU=100% VRAM=74901MiB (reset idle counter)
Active: CPU=5.48% GPU=88% VRAM=74837MiB (reset idle counter)
Active: CPU=5.60% GPU=100% VRAM=72019MiB (reset idle counter)
Active: CPU=5.45% GPU=91% VRAM=74845MiB (reset idle counter)
Active: CPU=5.43% GPU=100% VRAM=71953MiB (reset idle counter)
Active: CPU=5.62% GPU=100% VRAM=72145MiB (reset idle counter)
Active: CPU=5.51% GPU=98% VRAM=65601MiB (reset idle counter)
Active: CPU=5.60% GPU=100% VRAM=72249MiB (reset idle counter)
Active: CPU=5.54% GPU=100% VRAM=72195MiB (reset idle counter)
Active: CPU=5.69% GPU=100% VRAM=72087MiB (reset idle counter)
Active: CPU=5.58% GPU=100% VRAM=75211MiB (reset idle counter)
Active: CPU=5.55% GPU=100% VRAM=72071MiB (reset idle counter)
Active: CPU=5.46% GPU=91% VRAM=74899MiB (reset idle counter)
Active: CPU=5.51% GPU=100% VRAM=74853MiB (reset idle counter)
Active: CPU=5.47% GPU=100% VRAM=66205MiB (reset idle counter)
Active: CPU=5.45% GPU=100% VRAM=74893MiB (reset idle counter)
Active: CPU=5.57% GPU=96% VRAM=72277MiB (reset idle counter)
Active: CPU=5.18% GPU=100% VRAM=74847MiB (reset idle counter)
Active: CPU=4.72% GPU=100% VRAM=72153MiB (reset idle counter)
Active: CPU=5.26% GPU=100% VRAM=67877MiB (reset idle counter)
Active: CPU=4.92% GPU=100% VRAM=74851MiB (reset idle counter)
Active: CPU=7.09% GPU=100% VRAM=74883MiB (reset idle counter)
Active: CPU=6.97% GPU=100% VRAM=74981MiB (reset idle counter)
Active: CPU=6.59% GPU=100% VRAM=74879MiB (reset idle counter)
Active: CPU=5.91% GPU=100% VRAM=74757MiB (reset idle counter)
Active: CPU=6.00% GPU=100% VRAM=67193MiB (reset idle counter)
Active: CPU=6.94% GPU=89% VRAM=72129MiB (reset idle counter)
Active: CPU=7.14% GPU=100% VRAM=72049MiB (reset idle counter)
Active: CPU=5.67% GPU=100% VRAM=65385MiB (reset idle counter)
Active: CPU=6.46% GPU=100% VRAM=71987MiB (reset idle counter)
Active: CPU=5.46% GPU=100% VRAM=67335MiB (reset idle counter)
Active: CPU=5.35% GPU=100% VRAM=72049MiB (reset idle counter)
Active: CPU=6.26% GPU=100% VRAM=74829MiB (reset idle counter)
Active: CPU=6.37% GPU=100% VRAM=72257MiB (reset idle counter)
Active: CPU=7.22% GPU=100% VRAM=75103MiB (reset idle counter)
Active: CPU=7.01% GPU=100% VRAM=74829MiB (reset idle counter)
Active: CPU=7.12% GPU=98% VRAM=65805MiB (reset idle counter)
Active: CPU=6.44% GPU=100% VRAM=75033MiB (reset idle counter)
Active: CPU=5.32% GPU=100% VRAM=71967MiB (reset idle counter)
Active: CPU=5.62% GPU=100% VRAM=77631MiB (reset idle counter)
Active: CPU=4.82% GPU=100% VRAM=71997MiB (reset idle counter)
Active: CPU=4.66% GPU=100% VRAM=75033MiB (reset idle counter)
Active: CPU=4.87% GPU=100% VRAM=74755MiB (reset idle counter)
Active: CPU=4.66% GPU=100% VRAM=74923MiB (reset idle counter)
Active: CPU=4.65% GPU=100% VRAM=72103MiB (reset idle counter)
Active: CPU=4.77% GPU=98% VRAM=65877MiB (reset idle counter)
Active: CPU=5.68% GPU=100% VRAM=74777MiB (reset idle counter)
Active: CPU=5.86% GPU=92% VRAM=72145MiB (reset idle counter)
Active: CPU=5.13% GPU=100% VRAM=74791MiB (reset idle counter)
Active: CPU=4.97% GPU=90% VRAM=74815MiB (reset idle counter)
Active: CPU=5.20% GPU=100% VRAM=66501MiB (reset idle counter)
Active: CPU=5.03% GPU=100% VRAM=74849MiB (reset idle counter)
Active: CPU=4.26% GPU=100% VRAM=74823MiB (reset idle counter)
Active: CPU=4.06% GPU=100% VRAM=71979MiB (reset idle counter)
Active: CPU=4.02% GPU=100% VRAM=74917MiB (reset idle counter)
Active: CPU=4.11% GPU=100% VRAM=74893MiB (reset idle counter)
Active: CPU=3.80% GPU=90% VRAM=72001MiB (reset idle counter)
Active: CPU=3.52% GPU=100% VRAM=77765MiB (reset idle counter)
Active: CPU=3.76% GPU=100% VRAM=72153MiB (reset idle counter)
Active: CPU=3.73% GPU=100% VRAM=67657MiB (reset idle counter)
Active: CPU=5.06% GPU=100% VRAM=74803MiB (reset idle counter)
Active: CPU=7.31% GPU=100% VRAM=74839MiB (reset idle counter)
Active: CPU=6.32% GPU=99% VRAM=65867MiB (reset idle counter)
Active: CPU=13.79% GPU=100% VRAM=74899MiB (reset idle counter)
Active: CPU=13.56% GPU=100% VRAM=74839MiB (reset idle counter)
Active: CPU=3.55% GPU=100% VRAM=70339MiB (reset idle counter)
Active: CPU=3.57% GPU=100% VRAM=74897MiB (reset idle counter)
Active: CPU=3.53% GPU=100% VRAM=72001MiB (reset idle counter)
Active: CPU=5.13% GPU=99% VRAM=65847MiB (reset idle counter)
Active: CPU=14.38% GPU=100% VRAM=74805MiB (reset idle counter)
Active: CPU=15.08% GPU=100% VRAM=71989MiB (reset idle counter)
Active: CPU=15.03% GPU=100% VRAM=74777MiB (reset idle counter)
Active: CPU=14.98% GPU=100% VRAM=71921MiB (reset idle counter)
Active: CPU=12.99% GPU=91% VRAM=72159MiB (reset idle counter)
Active: CPU=5.00% GPU=100% VRAM=74939MiB (reset idle counter)
Active: CPU=4.92% GPU=100% VRAM=74901MiB (reset idle counter)
Active: CPU=5.01% GPU=100% VRAM=72163MiB (reset idle counter)
Active: CPU=5.19% GPU=100% VRAM=74765MiB (reset idle counter)
Active: CPU=5.18% GPU=90% VRAM=72001MiB (reset idle counter)
Active: CPU=5.03% GPU=100% VRAM=68025MiB (reset idle counter)
Active: CPU=5.49% GPU=100% VRAM=72057MiB (reset idle counter)
Active: CPU=4.77% GPU=100% VRAM=72145MiB (reset idle counter)
Active: CPU=5.62% GPU=100% VRAM=71999MiB (reset idle counter)
Active: CPU=5.89% GPU=90% VRAM=74787MiB (reset idle counter)
Active: CPU=5.87% GPU=100% VRAM=72153MiB (reset idle counter)
Active: CPU=4.88% GPU=91% VRAM=74907MiB (reset idle counter)
Active: CPU=4.84% GPU=100% VRAM=74857MiB (reset idle counter)
Active: CPU=5.09% GPU=100% VRAM=72027MiB (reset idle counter)
Active: CPU=4.90% GPU=100% VRAM=77727MiB (reset idle counter)
Active: CPU=4.92% GPU=100% VRAM=71993MiB (reset idle counter)
Active: CPU=5.14% GPU=100% VRAM=72003MiB (reset idle counter)
Active: CPU=4.99% GPU=89% VRAM=74821MiB (reset idle counter)
Active: CPU=4.91% GPU=100% VRAM=74865MiB (reset idle counter)
Active: CPU=5.65% GPU=100% VRAM=66785MiB (reset idle counter)
Active: CPU=6.92% GPU=99% VRAM=65841MiB (reset idle counter)
Active: CPU=6.60% GPU=100% VRAM=71985MiB (reset idle counter)
Active: CPU=6.36% GPU=100% VRAM=71921MiB (reset idle counter)
Active: CPU=7.43% GPU=99% VRAM=65911MiB (reset idle counter)
Active: CPU=6.71% GPU=100% VRAM=72027MiB (reset idle counter)
Active: CPU=6.55% GPU=100% VRAM=72183MiB (reset idle counter)
Active: CPU=6.20% GPU=100% VRAM=74897MiB (reset idle counter)
Active: CPU=7.49% GPU=92% VRAM=74777MiB (reset idle counter)
Active: CPU=6.74% GPU=100% VRAM=72113MiB (reset idle counter)
Active: CPU=5.69% GPU=100% VRAM=74819MiB (reset idle counter)
Active: CPU=7.73% GPU=100% VRAM=74743MiB (reset idle counter)
Active: CPU=6.55% GPU=100% VRAM=67557MiB (reset idle counter)
Active: CPU=6.14% GPU=100% VRAM=72085MiB (reset idle counter)
Active: CPU=7.53% GPU=100% VRAM=73321MiB (reset idle counter)
Active: CPU=6.95% GPU=100% VRAM=71955MiB (reset idle counter)
Active: CPU=6.67% GPU=100% VRAM=72017MiB (reset idle counter)
Active: CPU=6.42% GPU=100% VRAM=75007MiB (reset idle counter)
Active: CPU=7.78% GPU=100% VRAM=71965MiB (reset idle counter)
Active: CPU=6.54% GPU=100% VRAM=74933MiB (reset idle counter)
Active: CPU=5.77% GPU=91% VRAM=77843MiB (reset idle counter)
Active: CPU=7.87% GPU=100% VRAM=72071MiB (reset idle counter)
Active: CPU=6.85% GPU=100% VRAM=65361MiB (reset idle counter)
Active: CPU=6.16% GPU=100% VRAM=72067MiB (reset idle counter)
Active: CPU=7.47% GPU=100% VRAM=72059MiB (reset idle counter)
Active: CPU=6.76% GPU=100% VRAM=74771MiB (reset idle counter)
Active: CPU=9.92% GPU=100% VRAM=74891MiB (reset idle counter)
Active: CPU=6.92% GPU=100% VRAM=74915MiB (reset idle counter)
Active: CPU=6.61% GPU=100% VRAM=74891MiB (reset idle counter)
Active: CPU=6.07% GPU=100% VRAM=74813MiB (reset idle counter)
Active: CPU=7.50% GPU=0% VRAM=74871MiB (reset idle counter)
Active: CPU=6.66% GPU=100% VRAM=72033MiB (reset idle counter)
Active: CPU=6.26% GPU=100% VRAM=77859MiB (reset idle counter)
Active: CPU=7.10% GPU=100% VRAM=74809MiB (reset idle counter)
Active: CPU=6.82% GPU=100% VRAM=72217MiB (reset idle counter)
Active: CPU=6.67% GPU=90% VRAM=75019MiB (reset idle counter)
Active: CPU=6.17% GPU=100% VRAM=72093MiB (reset idle counter)
Active: CPU=7.80% GPU=100% VRAM=67625MiB (reset idle counter)
Active: CPU=6.55% GPU=100% VRAM=72153MiB (reset idle counter)
Active: CPU=6.09% GPU=100% VRAM=71995MiB (reset idle counter)
Active: CPU=7.55% GPU=100% VRAM=65897MiB (reset idle counter)
Active: CPU=6.54% GPU=100% VRAM=74867MiB (reset idle counter)
Active: CPU=6.21% GPU=100% VRAM=72225MiB (reset idle counter)
Active: CPU=7.03% GPU=100% VRAM=75003MiB (reset idle counter)
Active: CPU=7.13% GPU=100% VRAM=74881MiB (reset idle counter)
Active: CPU=6.82% GPU=100% VRAM=67723MiB (reset idle counter)
Active: CPU=6.09% GPU=100% VRAM=72033MiB (reset idle counter)
Active: CPU=7.89% GPU=100% VRAM=72005MiB (reset idle counter)
Active: CPU=6.76% GPU=100% VRAM=66291MiB (reset idle counter)
Active: CPU=6.05% GPU=90% VRAM=71867MiB (reset idle counter)
Active: CPU=7.43% GPU=100% VRAM=75035MiB (reset idle counter)
Active: CPU=6.73% GPU=100% VRAM=74943MiB (reset idle counter)
Active: CPU=6.52% GPU=100% VRAM=65871MiB (reset idle counter)
Active: CPU=6.67% GPU=100% VRAM=72111MiB (reset idle counter)
Active: CPU=7.48% GPU=100% VRAM=72145MiB (reset idle counter)
Active: CPU=6.92% GPU=100% VRAM=77759MiB (reset idle counter)
Active: CPU=6.23% GPU=100% VRAM=72037MiB (reset idle counter)
Active: CPU=8.16% GPU=100% VRAM=71985MiB (reset idle counter)
Active: CPU=6.73% GPU=100% VRAM=65755MiB (reset idle counter)
Active: CPU=6.13% GPU=95% VRAM=74911MiB (reset idle counter)
Active: CPU=7.51% GPU=100% VRAM=74883MiB (reset idle counter)
Active: CPU=7.05% GPU=100% VRAM=72159MiB (reset idle counter)
Active: CPU=6.56% GPU=100% VRAM=72077MiB (reset idle counter)
Active: CPU=6.25% GPU=98% VRAM=65867MiB (reset idle counter)
Active: CPU=7.46% GPU=100% VRAM=74801MiB (reset idle counter)
Active: CPU=6.76% GPU=100% VRAM=72129MiB (reset idle counter)
Active: CPU=6.51% GPU=100% VRAM=74869MiB (reset idle counter)
Active: CPU=7.85% GPU=100% VRAM=74857MiB (reset idle counter)
Active: CPU=6.70% GPU=100% VRAM=72057MiB (reset idle counter)
Active: CPU=6.38% GPU=100% VRAM=74749MiB (reset idle counter)
Active: CPU=7.10% GPU=100% VRAM=71987MiB (reset idle counter)
Active: CPU=6.92% GPU=100% VRAM=71973MiB (reset idle counter)
Active: CPU=6.72% GPU=100% VRAM=72093MiB (reset idle counter)
Active: CPU=6.24% GPU=100% VRAM=72223MiB (reset idle counter)
Active: CPU=7.51% GPU=100% VRAM=74929MiB (reset idle counter)
Active: CPU=6.83% GPU=100% VRAM=75213MiB (reset idle counter)
Active: CPU=6.23% GPU=100% VRAM=72093MiB (reset idle counter)
Active: CPU=7.80% GPU=100% VRAM=74979MiB (reset idle counter)
Active: CPU=7.31% GPU=100% VRAM=72001MiB (reset idle counter)
Active: CPU=6.24% GPU=100% VRAM=66767MiB (reset idle counter)
Active: CPU=7.22% GPU=100% VRAM=72051MiB (reset idle counter)
Active: CPU=6.81% GPU=100% VRAM=67981MiB (reset idle counter)
Active: CPU=6.64% GPU=100% VRAM=74823MiB (reset idle counter)
Active: CPU=5.88% GPU=100% VRAM=72069MiB (reset idle counter)
Active: CPU=7.88% GPU=100% VRAM=67653MiB (reset idle counter)
Active: CPU=6.79% GPU=100% VRAM=74995MiB (reset idle counter)
Active: CPU=6.05% GPU=100% VRAM=72147MiB (reset idle counter)
Active: CPU=7.60% GPU=89% VRAM=72039MiB (reset idle counter)
Active: CPU=6.82% GPU=100% VRAM=74869MiB (reset idle counter)
Active: CPU=6.23% GPU=99% VRAM=65901MiB (reset idle counter)
Active: CPU=7.17% GPU=100% VRAM=74865MiB (reset idle counter)
Active: CPU=6.92% GPU=94% VRAM=72007MiB (reset idle counter)
Active: CPU=6.62% GPU=100% VRAM=67425MiB (reset idle counter)
Active: CPU=5.76% GPU=100% VRAM=71939MiB (reset idle counter)
Active: CPU=7.68% GPU=100% VRAM=74921MiB (reset idle counter)
Active: CPU=6.80% GPU=100% VRAM=72245MiB (reset idle counter)
Active: CPU=6.13% GPU=100% VRAM=74951MiB (reset idle counter)
Active: CPU=7.84% GPU=100% VRAM=74879MiB (reset idle counter)
Active: CPU=7.11% GPU=100% VRAM=71929MiB (reset idle counter)
Active: CPU=6.52% GPU=91% VRAM=72023MiB (reset idle counter)
Active: CPU=6.61% GPU=100% VRAM=77651MiB (reset idle counter)
Active: CPU=7.54% GPU=100% VRAM=72021MiB (reset idle counter)
Active: CPU=7.09% GPU=100% VRAM=72063MiB (reset idle counter)
Active: CPU=5.87% GPU=100% VRAM=72053MiB (reset idle counter)
Active: CPU=7.54% GPU=100% VRAM=74821MiB (reset idle counter)
Active: CPU=7.04% GPU=100% VRAM=67191MiB (reset idle counter)
Active: CPU=6.42% GPU=100% VRAM=74853MiB (reset idle counter)
Active: CPU=7.94% GPU=100% VRAM=74843MiB (reset idle counter)
Active: CPU=7.20% GPU=100% VRAM=65559MiB (reset idle counter)
Active: CPU=7.20% GPU=100% VRAM=74955MiB (reset idle counter)
Active: CPU=6.16% GPU=100% VRAM=73945MiB (reset idle counter)
Active: CPU=7.49% GPU=100% VRAM=72081MiB (reset idle counter)
Active: CPU=6.92% GPU=100% VRAM=72153MiB (reset idle counter)
Active: CPU=6.15% GPU=90% VRAM=74881MiB (reset idle counter)
Active: CPU=7.64% GPU=100% VRAM=66775MiB (reset idle counter)
Active: CPU=7.23% GPU=100% VRAM=74973MiB (reset idle counter)
Active: CPU=6.45% GPU=100% VRAM=72077MiB (reset idle counter)
Active: CPU=7.51% GPU=100% VRAM=74789MiB (reset idle counter)
Active: CPU=6.68% GPU=100% VRAM=74687MiB (reset idle counter)
Active: CPU=6.95% GPU=100% VRAM=72051MiB (reset idle counter)
Active: CPU=6.32% GPU=100% VRAM=72153MiB (reset idle counter)
Active: CPU=7.86% GPU=100% VRAM=72115MiB (reset idle counter)
Active: CPU=6.71% GPU=100% VRAM=75013MiB (reset idle counter)
Active: CPU=6.15% GPU=100% VRAM=72195MiB (reset idle counter)
Active: CPU=7.28% GPU=100% VRAM=75081MiB (reset idle counter)
Active: CPU=7.04% GPU=100% VRAM=74749MiB (reset idle counter)
Active: CPU=6.81% GPU=100% VRAM=72095MiB (reset idle counter)
Active: CPU=7.55% GPU=100% VRAM=77851MiB (reset idle counter)
Active: CPU=6.77% GPU=100% VRAM=72001MiB (reset idle counter)
Active: CPU=6.83% GPU=100% VRAM=72039MiB (reset idle counter)
Active: CPU=6.09% GPU=100% VRAM=77687MiB (reset idle counter)
Active: CPU=8.00% GPU=91% VRAM=72065MiB (reset idle counter)
Active: CPU=6.97% GPU=100% VRAM=71911MiB (reset idle counter)
Active: CPU=6.27% GPU=100% VRAM=66219MiB (reset idle counter)
Active: CPU=7.76% GPU=91% VRAM=71887MiB (reset idle counter)
Active: CPU=6.68% GPU=100% VRAM=73651MiB (reset idle counter)
Active: CPU=6.72% GPU=100% VRAM=72129MiB (reset idle counter)
Active: CPU=7.32% GPU=100% VRAM=71999MiB (reset idle counter)
Active: CPU=7.17% GPU=100% VRAM=72053MiB (reset idle counter)
Active: CPU=7.01% GPU=89% VRAM=72129MiB (reset idle counter)
Active: CPU=6.01% GPU=100% VRAM=75025MiB (reset idle counter)
Active: CPU=7.94% GPU=91% VRAM=72063MiB (reset idle counter)
Active: CPU=6.81% GPU=100% VRAM=66769MiB (reset idle counter)
Active: CPU=6.44% GPU=100% VRAM=75107MiB (reset idle counter)
Active: CPU=6.45% GPU=99% VRAM=65951MiB (reset idle counter)
Active: CPU=5.13% GPU=100% VRAM=71969MiB (reset idle counter)
Active: CPU=5.00% GPU=100% VRAM=71315MiB (reset idle counter)
Active: CPU=4.97% GPU=100% VRAM=77745MiB (reset idle counter)
Active: CPU=5.07% GPU=91% VRAM=72063MiB (reset idle counter)
Active: CPU=5.07% GPU=100% VRAM=67465MiB (reset idle counter)
Active: CPU=5.08% GPU=100% VRAM=72079MiB (reset idle counter)
Active: CPU=4.97% GPU=100% VRAM=74953MiB (reset idle counter)
Active: CPU=4.70% GPU=100% VRAM=72023MiB (reset idle counter)
Active: CPU=4.80% GPU=100% VRAM=74769MiB (reset idle counter)
Active: CPU=4.78% GPU=90% VRAM=74755MiB (reset idle counter)
Active: CPU=4.89% GPU=100% VRAM=66483MiB (reset idle counter)
Active: CPU=5.16% GPU=92% VRAM=74979MiB (reset idle counter)
Active: CPU=5.30% GPU=100% VRAM=71935MiB (reset idle counter)
Active: CPU=4.98% GPU=100% VRAM=67415MiB (reset idle counter)
Active: CPU=4.71% GPU=97% VRAM=75131MiB (reset idle counter)
Active: CPU=5.06% GPU=100% VRAM=72107MiB (reset idle counter)
Active: CPU=4.88% GPU=100% VRAM=65905MiB (reset idle counter)
Active: CPU=5.04% GPU=100% VRAM=74937MiB (reset idle counter)
Active: CPU=4.88% GPU=100% VRAM=72129MiB (reset idle counter)
Active: CPU=4.82% GPU=100% VRAM=65861MiB (reset idle counter)
Active: CPU=4.87% GPU=100% VRAM=74813MiB (reset idle counter)
Active: CPU=5.05% GPU=100% VRAM=74905MiB (reset idle counter)
Active: CPU=5.12% GPU=100% VRAM=70251MiB (reset idle counter)
Active: CPU=5.04% GPU=100% VRAM=72291MiB (reset idle counter)
Active: CPU=5.20% GPU=100% VRAM=74909MiB (reset idle counter)
Active: CPU=5.41% GPU=100% VRAM=75017MiB (reset idle counter)
Active: CPU=4.90% GPU=100% VRAM=67687MiB (reset idle counter)
Active: CPU=4.84% GPU=100% VRAM=72061MiB (reset idle counter)
Active: CPU=4.97% GPU=100% VRAM=74983MiB (reset idle counter)
Active: CPU=4.82% GPU=100% VRAM=72055MiB (reset idle counter)
Idle sample (1/15): CPU=4.94% GPU=0% VRAM=0MiB
Idle sample (2/15): CPU=4.59% GPU=0% VRAM=0MiB
Idle sample (3/15): CPU=4.70% GPU=0% VRAM=0MiB
Idle sample (4/15): CPU=4.48% GPU=0% VRAM=0MiB
Idle sample (5/15): CPU=4.53% GPU=0% VRAM=0MiB
Idle sample (6/15): CPU=4.22% GPU=0% VRAM=0MiB
Idle sample (7/15): CPU=4.15% GPU=0% VRAM=0MiB
Idle sample (8/15): CPU=4.17% GPU=0% VRAM=0MiB
Idle sample (9/15): CPU=4.09% GPU=0% VRAM=0MiB
Idle sample (10/15): CPU=4.41% GPU=0% VRAM=0MiB
Idle sample (11/15): CPU=4.58% GPU=0% VRAM=0MiB
Idle sample (12/15): CPU=4.43% GPU=0% VRAM=0MiB
Idle sample (13/15): CPU=4.33% GPU=0% VRAM=0MiB
Idle sample (14/15): CPU=4.10% GPU=0% VRAM=0MiB
Idle sample (15/15): CPU=4.13% GPU=0% VRAM=0MiB
Idle for 15 minute(s). Stopping pod 5xdxvt7ewwwedg...
curl: (22) The requested URL returned error: 403
Starting auto_stop_on_idle (lock acquired)...
Idle watchdog started: IDLE_MINUTES=15 SAMPLE_SECS=60
Thresholds: GPU util<=5% GPU mem<=1024 MiB CPU util<=15.0%
Idle sample (1/15): CPU=10.37% GPU=0% VRAM=0MiB
Active: CPU=15.28% GPU=0% VRAM=0MiB (reset idle counter)
Idle sample (1/15): CPU=3.60% GPU=0% VRAM=0MiB
Idle sample (2/15): CPU=13.72% GPU=0% VRAM=0MiB
Idle sample (3/15): CPU=10.00% GPU=0% VRAM=0MiB
Idle sample (4/15): CPU=13.29% GPU=0% VRAM=0MiB
Idle sample (5/15): CPU=11.36% GPU=0% VRAM=0MiB
Idle sample (6/15): CPU=10.28% GPU=0% VRAM=0MiB
Idle sample (7/15): CPU=11.52% GPU=0% VRAM=0MiB
Idle sample (8/15): CPU=14.18% GPU=0% VRAM=0MiB
Idle sample (9/15): CPU=13.85% GPU=0% VRAM=0MiB
Idle sample (10/15): CPU=14.84% GPU=0% VRAM=0MiB
Idle sample (11/15): CPU=12.08% GPU=0% VRAM=0MiB
Idle sample (12/15): CPU=4.74% GPU=0% VRAM=0MiB
Idle sample (13/15): CPU=3.38% GPU=0% VRAM=0MiB
Idle sample (14/15): CPU=6.18% GPU=0% VRAM=0MiB
Idle sample (15/15): CPU=14.08% GPU=0% VRAM=0MiB
Idle for 15 minute(s). Stopping pod 5xdxvt7ewwwedg...
curl: (22) The requested URL returned error: 403
Starting auto_stop_on_idle (lock acquired)...
Idle watchdog started: IDLE_MINUTES=15 SAMPLE_SECS=60
Thresholds: GPU util<=5% GPU mem<=1024 MiB CPU util<=15.0%
Idle sample (1/15): CPU=1.63% GPU=0% VRAM=0MiB
Idle sample (2/15): CPU=2.51% GPU=0% VRAM=0MiB
Idle sample (3/15): CPU=3.46% GPU=0% VRAM=0MiB
Idle sample (4/15): CPU=1.50% GPU=0% VRAM=0MiB
Idle sample (5/15): CPU=1.79% GPU=0% VRAM=0MiB
Idle sample (6/15): CPU=1.69% GPU=0% VRAM=0MiB
Idle sample (7/15): CPU=1.98% GPU=0% VRAM=0MiB
Idle sample (8/15): CPU=2.54% GPU=0% VRAM=0MiB
Idle sample (9/15): CPU=3.15% GPU=0% VRAM=0MiB
Idle sample (10/15): CPU=3.09% GPU=0% VRAM=0MiB
Idle sample (11/15): CPU=2.32% GPU=0% VRAM=0MiB
Idle sample (12/15): CPU=4.10% GPU=0% VRAM=0MiB
Idle sample (13/15): CPU=1.72% GPU=0% VRAM=0MiB
Idle sample (14/15): CPU=1.92% GPU=0% VRAM=0MiB
Idle sample (15/15): CPU=2.88% GPU=0% VRAM=0MiB
Idle for 15 minute(s). Stopping pod 5xdxvt7ewwwedg...
curl: (22) The requested URL returned error: 403
Starting auto_stop_on_idle (lock acquired)...
Idle watchdog started: IDLE_MINUTES=15 SAMPLE_SECS=60
Thresholds: GPU util<=5% GPU mem<=1024 MiB CPU util<=15.0%
Idle sample (1/15): CPU=2.09% GPU=0% VRAM=0MiB
Idle sample (2/15): CPU=2.59% GPU=0% VRAM=0MiB
Idle sample (3/15): CPU=2.77% GPU=0% VRAM=0MiB
Idle sample (4/15): CPU=1.59% GPU=0% VRAM=0MiB
Idle sample (5/15): CPU=1.40% GPU=0% VRAM=0MiB
Idle sample (6/15): CPU=1.79% GPU=0% VRAM=0MiB
Idle sample (7/15): CPU=2.30% GPU=0% VRAM=0MiB
Idle sample (8/15): CPU=1.67% GPU=0% VRAM=0MiB
Idle sample (9/15): CPU=1.28% GPU=0% VRAM=0MiB
Idle sample (10/15): CPU=1.32% GPU=0% VRAM=0MiB
Idle sample (11/15): CPU=1.80% GPU=0% VRAM=0MiB
Idle sample (12/15): CPU=1.67% GPU=0% VRAM=0MiB
Idle sample (13/15): CPU=1.73% GPU=0% VRAM=0MiB
Idle sample (14/15): CPU=1.89% GPU=0% VRAM=0MiB
Idle sample (15/15): CPU=1.74% GPU=0% VRAM=0MiB
Idle for 15 minute(s). Stopping pod 5xdxvt7ewwwedg...
curl: (22) The requested URL returned error: 403
Starting auto_stop_on_idle (lock acquired)...
Idle watchdog started: IDLE_MINUTES=15 SAMPLE_SECS=60
Thresholds: GPU util<=5% GPU mem<=1024 MiB CPU util<=15.0%
Idle sample (1/15): CPU=3.69% GPU=0% VRAM=0MiB
Idle sample (2/15): CPU=3.97% GPU=0% VRAM=0MiB
Idle sample (3/15): CPU=4.36% GPU=0% VRAM=0MiB
Idle sample (4/15): CPU=4.29% GPU=0% VRAM=0MiB
Idle sample (5/15): CPU=3.28% GPU=0% VRAM=0MiB
Idle sample (6/15): CPU=3.21% GPU=0% VRAM=0MiB
Idle sample (7/15): CPU=3.52% GPU=0% VRAM=0MiB
Idle sample (8/15): CPU=3.37% GPU=0% VRAM=0MiB
Idle sample (9/15): CPU=3.35% GPU=0% VRAM=0MiB
Idle sample (10/15): CPU=3.86% GPU=0% VRAM=0MiB
Idle sample (11/15): CPU=3.42% GPU=0% VRAM=0MiB
Idle sample (12/15): CPU=3.56% GPU=0% VRAM=0MiB
Idle sample (13/15): CPU=3.46% GPU=0% VRAM=0MiB
Idle sample (14/15): CPU=5.57% GPU=0% VRAM=0MiB
Idle sample (15/15): CPU=5.86% GPU=0% VRAM=0MiB
Idle for 15 minute(s). Stopping pod 5xdxvt7ewwwedg...
curl: (22) The requested URL returned error: 403
